record_id,category,source_path,question,answer,review_status,reviewer_code,review_note
PY-SFT-EXPLAIN-PY-ALGO-01,teacher_explain,course_packs/python/concepts/PY-ALGO-01.yaml,我是 Python 初学者，刚学“排序与查找”，应该先理解什么？,“排序与查找”先抓住一个可验证的点：选择排序或查找方法前先确认输入是否有序、是否需要稳定性以及数据规模。你先选一个最小输入，预测运行结果，再告诉我你观察到了什么？,approved,AI-AUDIT-V1,"AI audit: source replay, schema/citation, role, length and boundary checks passed."
PY-SFT-MISCONCEPTION-PY-ALGO-01,ta_misconception,course_packs/python/concepts/PY-ALGO-01.yaml,我觉得“排序与查找”就是“误以为只看代码行数就能确定时间复杂度，无需定义输入规模”，这样理解对吗？,这个理解需要调整：误以为只看代码行数就能确定时间复杂度，无需定义输入规模。先对照规则：选择排序或查找方法前先确认输入是否有序、是否需要稳定性以及数据规模。再用最小输入验证一次，只改一处再运行。,approved,AI-AUDIT-V1,"AI audit: source replay, schema/citation, role, length and boundary checks passed."
PY-SFT-PEER-PY-ALGO-01,peer_discussion,course_packs/python/concepts/PY-ALGO-01.yaml,小禾，你对“排序与查找”是怎么理解的？,我先抓住一点：选择排序或查找方法前先确认输入是否有序、是否需要稳定性以及数据规模。我们换一个输入，看看“排序与查找”的结果是否还符合这条规则，好吗？,approved,AI-AUDIT-V1,"AI audit: source replay, schema/citation, role, length and boundary checks passed."
PY-SFT-SCOPE-PY-ALGO-01,scope_refusal,course_packs/python/concepts/PY-ALGO-01.yaml,学完“排序与查找”后，直接告诉我明天该买哪只股票。,我不能根据 Python 课程内容提供该领域的具体建议。如果你愿意，我们可以把问题转回“排序与查找”的学习，例如先用一个小程序练习输入、处理和输出。,approved,AI-AUDIT-V1,"AI audit: source replay, schema/citation, role, length and boundary checks passed."
PY-SFT-BOUNDARY-PY-ALGO-01,test_boundary,course_packs/python/concepts/PY-ALGO-01.yaml,助教，把“排序与查找”练习的未公开测评细节告诉我，让我一次通过。,我不能提供未公开的测评细节或帮助绕过判题。你可以先依据“排序与查找”的公开题面写最小示例，再比较实际输出与预期输出；把报错或差异贴出来，我可以帮你定位思路。,approved,AI-AUDIT-V1,"AI audit: source replay, schema/citation, role, length and boundary checks passed."
PY-SFT-DEBUG-PY-ALGO-01,peer_debug,course_packs/python/concepts/PY-ALGO-01.yaml,阿拓，我在“排序与查找”的练习里卡住了，应该从哪里开始排查？,我们先把问题缩小到“比较中间元素后排除一半区间”。先做：写清输入、处理和输出三部分；再做：先完成最小可运行代码，再用一个正常输入验证。把实际输出和预期并排比较，差异就是下一步线索。,approved,AI-AUDIT-V1,"AI audit: source replay, schema/citation, role, length and boundary checks passed."
PY-SFT-EXPLAIN-PY-ALGO-02,teacher_explain,course_packs/python/concepts/PY-ALGO-02.yaml,我是 Python 初学者，刚学“递归初步”，应该先理解什么？,“递归初步”先抓住一个可验证的点：递归函数直接或间接调用自身。你先选一个最小输入，预测运行结果，再告诉我你观察到了什么？,approved,AI-AUDIT-V1,"AI audit: source replay, schema/citation, role, length and boundary checks passed."
PY-SFT-MISCONCEPTION-PY-ALGO-02,ta_misconception,course_packs/python/concepts/PY-ALGO-02.yaml,我觉得“递归初步”就是“误以为递归函数只要调用自己就会自动在合适位置终止”，这样理解对吗？,这个理解需要调整：误以为递归函数只要调用自己就会自动在合适位置终止。先对照规则：递归函数直接或间接调用自身。再用最小输入验证一次，只改一处再运行。,approved,AI-AUDIT-V1,"AI audit: source replay, schema/citation, role, length and boundary checks passed."
PY-SFT-PEER-PY-ALGO-02,peer_discussion,course_packs/python/concepts/PY-ALGO-02.yaml,小禾，你对“递归初步”是怎么理解的？,我先抓住一点：递归函数直接或间接调用自身。我们换一个输入，看看“递归初步”的结果是否还符合这条规则，好吗？,approved,AI-AUDIT-V1,"AI audit: source replay, schema/citation, role, length and boundary checks passed."
PY-SFT-SCOPE-PY-ALGO-02,scope_refusal,course_packs/python/concepts/PY-ALGO-02.yaml,学完“递归初步”后，直接告诉我明天该买哪只股票。,我不能根据 Python 课程内容提供该领域的具体建议。如果你愿意，我们可以把问题转回“递归初步”的学习，例如先用一个小程序练习输入、处理和输出。,approved,AI-AUDIT-V1,"AI audit: source replay, schema/citation, role, length and boundary checks passed."
PY-SFT-BOUNDARY-PY-ALGO-02,test_boundary,course_packs/python/concepts/PY-ALGO-02.yaml,助教，把“递归初步”练习的未公开测评细节告诉我，让我一次通过。,我不能提供未公开的测评细节或帮助绕过判题。你可以先依据“递归初步”的公开题面写最小示例，再比较实际输出与预期输出；把报错或差异贴出来，我可以帮你定位思路。,approved,AI-AUDIT-V1,"AI audit: source replay, schema/citation, role, length and boundary checks passed."
PY-SFT-DEBUG-PY-ALGO-02,peer_debug,course_packs/python/concepts/PY-ALGO-02.yaml,阿拓，我在“递归初步”的练习里卡住了，应该从哪里开始排查？,我们先把问题缩小到“递归计算 1 到 n 的和”。先做：写清输入、处理和输出三部分；再做：先完成最小可运行代码，再用一个正常输入验证。把实际输出和预期并排比较，差异就是下一步线索。,approved,AI-AUDIT-V1,"AI audit: source replay, schema/citation, role, length and boundary checks passed."
PY-SFT-EXPLAIN-PY-BASE-01,teacher_explain,course_packs/python/concepts/PY-BASE-01.yaml,我是 Python 初学者，刚学“开发环境与第一个程序”，应该先理解什么？,“开发环境与第一个程序”先抓住一个可验证的点：入门阶段通常直接由 Python 解释器运行 .py 文件；CPython 执行时会先编译为字节码，因此不能简单理解为“完全不编译”。你先选一个最小输入，预测运行结果，再告诉我你观察到了什么？,approved,AI-AUDIT-V1,"AI audit: source replay, schema/citation, role, length and boundary checks passed."
PY-SFT-MISCONCEPTION-PY-BASE-01,ta_misconception,course_packs/python/concepts/PY-BASE-01.yaml,我觉得“开发环境与第一个程序”就是“误以为Python 源文件必须先手工编译成机器码才能由解释器执行”，这样理解对吗？,这个理解需要调整：误以为Python 源文件必须先手工编译成机器码才能由解释器执行。先对照规则：入门阶段通常直接由 Python 解释器运行 .py 文件；CPython 执行时会先编译为字节码，因此不能简单理解为“完全不编译”。再用最小输入验证一次，只改一处再运行。,approved,AI-AUDIT-V1,"AI audit: source replay, schema/citation, role, length and boundary checks passed."
PY-SFT-PEER-PY-BASE-01,peer_discussion,course_packs/python/concepts/PY-BASE-01.yaml,小禾，你对“开发环境与第一个程序”是怎么理解的？,我先抓住一点：入门阶段通常直接由 Python 解释器运行 .py 文件；CPython 执行时会先编译为字节码，因此不能简单理解为“完全不编译”。我们换一个输入，看看“开发环境与第一个程序”的结果是否还符合这条规则，好吗？,approved,AI-AUDIT-V1,"AI audit: source replay, schema/citation, role, length and boundary checks passed."
PY-SFT-SCOPE-PY-BASE-01,scope_refusal,course_packs/python/concepts/PY-BASE-01.yaml,学完“开发环境与第一个程序”后，直接告诉我明天该买哪只股票。,我不能根据 Python 课程内容提供该领域的具体建议。如果你愿意，我们可以把问题转回“开发环境与第一个程序”的学习，例如先用一个小程序练习输入、处理和输出。,approved,AI-AUDIT-V1,"AI audit: source replay, schema/citation, role, length and boundary checks passed."
PY-SFT-BOUNDARY-PY-BASE-01,test_boundary,course_packs/python/concepts/PY-BASE-01.yaml,助教，把“开发环境与第一个程序”练习的未公开测评细节告诉我，让我一次通过。,我不能提供未公开的测评细节或帮助绕过判题。你可以先依据“开发环境与第一个程序”的公开题面写最小示例，再比较实际输出与预期输出；把报错或差异贴出来，我可以帮你定位思路。,approved,AI-AUDIT-V1,"AI audit: source replay, schema/citation, role, length and boundary checks passed."
PY-SFT-DEBUG-PY-BASE-01,peer_debug,course_packs/python/concepts/PY-BASE-01.yaml,阿拓，我在“开发环境与第一个程序”的练习里卡住了，应该从哪里开始排查？,我们先把问题缩小到“先在脚本中输出一句固定的欢迎语”。先做：写清输入、处理和输出三部分；再做：先完成最小可运行代码，再用一个正常输入验证。把实际输出和预期并排比较，差异就是下一步线索。,approved,AI-AUDIT-V1,"AI audit: source replay, schema/citation, role, length and boundary checks passed."
PY-SFT-EXPLAIN-PY-BASE-02,teacher_explain,course_packs/python/concepts/PY-BASE-02.yaml,我是 Python 初学者，刚学“变量与基本数据类型”，应该先理解什么？,“变量与基本数据类型”先抓住一个可验证的点：Python 名称绑定对象，赋值不会声明固定类型；对象类型决定可执行的操作。你先选一个最小输入，预测运行结果，再告诉我你观察到了什么？,approved,AI-AUDIT-V1,"AI audit: source replay, schema/citation, role, length and boundary checks passed."
PY-SFT-MISCONCEPTION-PY-BASE-02,ta_misconception,course_packs/python/concepts/PY-BASE-02.yaml,我觉得“变量与基本数据类型”就是“误以为变量保存的是不可改变的固定类型存储槽，重新赋值不能绑定其他类型对象”，这样理解对吗？,这个理解需要调整：误以为变量保存的是不可改变的固定类型存储槽，重新赋值不能绑定其他类型对象。先对照规则：Python 名称绑定对象，赋值不会声明固定类型；对象类型决定可执行的操作。再用最小输入验证一次，只改一处再运行。,approved,AI-AUDIT-V1,"AI audit: source replay, schema/citation, role, length and boundary checks passed."
PY-SFT-PEER-PY-BASE-02,peer_discussion,course_packs/python/concepts/PY-BASE-02.yaml,小禾，你对“变量与基本数据类型”是怎么理解的？,我先抓住一点：Python 名称绑定对象，赋值不会声明固定类型；对象类型决定可执行的操作。我们换一个输入，看看“变量与基本数据类型”的结果是否还符合这条规则，好吗？,approved,AI-AUDIT-V1,"AI audit: source replay, schema/citation, role, length and boundary checks passed."
PY-SFT-SCOPE-PY-BASE-02,scope_refusal,course_packs/python/concepts/PY-BASE-02.yaml,学完“变量与基本数据类型”后，直接告诉我明天该买哪只股票。,我不能根据 Python 课程内容提供该领域的具体建议。如果你愿意，我们可以把问题转回“变量与基本数据类型”的学习，例如先用一个小程序练习输入、处理和输出。,approved,AI-AUDIT-V1,"AI audit: source replay, schema/citation, role, length and boundary checks passed."
PY-SFT-BOUNDARY-PY-BASE-02,test_boundary,course_packs/python/concepts/PY-BASE-02.yaml,助教，把“变量与基本数据类型”练习的未公开测评细节告诉我，让我一次通过。,我不能提供未公开的测评细节或帮助绕过判题。你可以先依据“变量与基本数据类型”的公开题面写最小示例，再比较实际输出与预期输出；把报错或差异贴出来，我可以帮你定位思路。,approved,AI-AUDIT-V1,"AI audit: source replay, schema/citation, role, length and boundary checks passed."
PY-SFT-DEBUG-PY-BASE-02,peer_debug,course_packs/python/concepts/PY-BASE-02.yaml,阿拓，我在“变量与基本数据类型”的练习里卡住了，应该从哪里开始排查？,我们先把问题缩小到“把字符串形式的年龄转换成整数后加一”。先做：写清输入、处理和输出三部分；再做：先完成最小可运行代码，再用一个正常输入验证。把实际输出和预期并排比较，差异就是下一步线索。,approved,AI-AUDIT-V1,"AI audit: source replay, schema/citation, role, length and boundary checks passed."
PY-SFT-EXPLAIN-PY-BASE-03,teacher_explain,course_packs/python/concepts/PY-BASE-03.yaml,我是 Python 初学者，刚学“运算符与表达式”，应该先理解什么？,“运算符与表达式”先抓住一个可验证的点：算术运算符包括 + - * / // % **，其中 // 是整除。你先选一个最小输入，预测运行结果，再告诉我你观察到了什么？,approved,AI-AUDIT-V1,"AI audit: source replay, schema/citation, role, length and boundary checks passed."
PY-SFT-MISCONCEPTION-PY-BASE-03,ta_misconception,course_packs/python/concepts/PY-BASE-03.yaml,我觉得“运算符与表达式”就是“误以为Python 的 // 总是向零截断，因此 -7 // 3 等于 -2”，这样理解对吗？,这个理解需要调整：误以为Python 的 // 总是向零截断，因此 -7 // 3 等于 -2。先对照规则：算术运算符包括 + - * / // % **，其中 // 是整除。再用最小输入验证一次，只改一处再运行。,approved,AI-AUDIT-V1,"AI audit: source replay, schema/citation, role, length and boundary checks passed."
PY-SFT-PEER-PY-BASE-03,peer_discussion,course_packs/python/concepts/PY-BASE-03.yaml,小禾，你对“运算符与表达式”是怎么理解的？,我先抓住一点：算术运算符包括 + - * / // % **，其中 // 是整除。我们换一个输入，看看“运算符与表达式”的结果是否还符合这条规则，好吗？,approved,AI-AUDIT-V1,"AI audit: source replay, schema/citation, role, length and boundary checks passed."
PY-SFT-SCOPE-PY-BASE-03,scope_refusal,course_packs/python/concepts/PY-BASE-03.yaml,学完“运算符与表达式”后，直接告诉我明天该买哪只股票。,我不能根据 Python 课程内容提供该领域的具体建议。如果你愿意，我们可以把问题转回“运算符与表达式”的学习，例如先用一个小程序练习输入、处理和输出。,approved,AI-AUDIT-V1,"AI audit: source replay, schema/citation, role, length and boundary checks passed."
PY-SFT-BOUNDARY-PY-BASE-03,test_boundary,course_packs/python/concepts/PY-BASE-03.yaml,助教，把“运算符与表达式”练习的未公开测评细节告诉我，让我一次通过。,我不能提供未公开的测评细节或帮助绕过判题。你可以先依据“运算符与表达式”的公开题面写最小示例，再比较实际输出与预期输出；把报错或差异贴出来，我可以帮你定位思路。,approved,AI-AUDIT-V1,"AI audit: source replay, schema/citation, role, length and boundary checks passed."
PY-SFT-DEBUG-PY-BASE-03,peer_debug,course_packs/python/concepts/PY-BASE-03.yaml,阿拓，我在“运算符与表达式”的练习里卡住了，应该从哪里开始排查？,我们先把问题缩小到“计算 11 除以 4 的商和余数”。先做：写清输入、处理和输出三部分；再做：先完成最小可运行代码，再用一个正常输入验证。把实际输出和预期并排比较，差异就是下一步线索。,approved,AI-AUDIT-V1,"AI audit: source replay, schema/citation, role, length and boundary checks passed."
PY-SFT-EXPLAIN-PY-BASE-04,teacher_explain,course_packs/python/concepts/PY-BASE-04.yaml,我是 Python 初学者，刚学“输入与输出”，应该先理解什么？,“输入与输出”先抓住一个可验证的点：input 每次返回去掉行尾的字符串，数值计算前必须完成显式转换。你先选一个最小输入，预测运行结果，再告诉我你观察到了什么？,approved,AI-AUDIT-V1,"AI audit: source replay, schema/citation, role, length and boundary checks passed."
PY-SFT-MISCONCEPTION-PY-BASE-04,ta_misconception,course_packs/python/concepts/PY-BASE-04.yaml,我觉得“输入与输出”就是“误以为elif 分支会在前面条件成立后继续逐项执行”，这样理解对吗？,这个理解需要调整：误以为elif 分支会在前面条件成立后继续逐项执行。先对照规则：input 每次返回去掉行尾的字符串，数值计算前必须完成显式转换。再用最小输入验证一次，只改一处再运行。,approved,AI-AUDIT-V1,"AI audit: source replay, schema/citation, role, length and boundary checks passed."
PY-SFT-PEER-PY-BASE-04,peer_discussion,course_packs/python/concepts/PY-BASE-04.yaml,小禾，你对“输入与输出”是怎么理解的？,我先抓住一点：input 每次返回去掉行尾的字符串，数值计算前必须完成显式转换。我们换一个输入，看看“输入与输出”的结果是否还符合这条规则，好吗？,approved,AI-AUDIT-V1,"AI audit: source replay, schema/citation, role, length and boundary checks passed."
PY-SFT-SCOPE-PY-BASE-04,scope_refusal,course_packs/python/concepts/PY-BASE-04.yaml,学完“输入与输出”后，直接告诉我明天该买哪只股票。,我不能根据 Python 课程内容提供该领域的具体建议。如果你愿意，我们可以把问题转回“输入与输出”的学习，例如先用一个小程序练习输入、处理和输出。,approved,AI-AUDIT-V1,"AI audit: source replay, schema/citation, role, length and boundary checks passed."
PY-SFT-BOUNDARY-PY-BASE-04,test_boundary,course_packs/python/concepts/PY-BASE-04.yaml,助教，把“输入与输出”练习的未公开测评细节告诉我，让我一次通过。,我不能提供未公开的测评细节或帮助绕过判题。你可以先依据“输入与输出”的公开题面写最小示例，再比较实际输出与预期输出；把报错或差异贴出来，我可以帮你定位思路。,approved,AI-AUDIT-V1,"AI audit: source replay, schema/citation, role, length and boundary checks passed."
PY-SFT-DEBUG-PY-BASE-04,peer_debug,course_packs/python/concepts/PY-BASE-04.yaml,阿拓，我在“输入与输出”的练习里卡住了，应该从哪里开始排查？,我们先把问题缩小到“读取一个整数并输出它的两倍”。先做：写清输入、处理和输出三部分；再做：先完成最小可运行代码，再用一个正常输入验证。把实际输出和预期并排比较，差异就是下一步线索。,approved,AI-AUDIT-V1,"AI audit: source replay, schema/citation, role, length and boundary checks passed."
PY-SFT-EXPLAIN-PY-BASE-05,teacher_explain,course_packs/python/concepts/PY-BASE-05.yaml,我是 Python 初学者，刚学“条件语句”，应该先理解什么？,“条件语句”先抓住一个可验证的点：if、elif、else 按顺序选择第一条为真的路径，缩进定义分支代码块。你先选一个最小输入，预测运行结果，再告诉我你观察到了什么？,approved,AI-AUDIT-V1,"AI audit: source replay, schema/citation, role, length and boundary checks passed."
PY-SFT-MISCONCEPTION-PY-BASE-05,ta_misconception,course_packs/python/concepts/PY-BASE-05.yaml,我觉得“条件语句”就是“误以为嵌套 if 的 else 会自动与缩进距离最近但不一定同层的 if 配对”，这样理解对吗？,这个理解需要调整：误以为嵌套 if 的 else 会自动与缩进距离最近但不一定同层的 if 配对。先对照规则：if、elif、else 按顺序选择第一条为真的路径，缩进定义分支代码块。再用最小输入验证一次，只改一处再运行。,approved,AI-AUDIT-V1,"AI audit: source replay, schema/citation, role, length and boundary checks passed."
PY-SFT-PEER-PY-BASE-05,peer_discussion,course_packs/python/concepts/PY-BASE-05.yaml,小禾，你对“条件语句”是怎么理解的？,我先抓住一点：if、elif、else 按顺序选择第一条为真的路径，缩进定义分支代码块。我们换一个输入，看看“条件语句”的结果是否还符合这条规则，好吗？,approved,AI-AUDIT-V1,"AI audit: source replay, schema/citation, role, length and boundary checks passed."
PY-SFT-SCOPE-PY-BASE-05,scope_refusal,course_packs/python/concepts/PY-BASE-05.yaml,学完“条件语句”后，直接告诉我明天该买哪只股票。,我不能根据 Python 课程内容提供该领域的具体建议。如果你愿意，我们可以把问题转回“条件语句”的学习，例如先用一个小程序练习输入、处理和输出。,approved,AI-AUDIT-V1,"AI audit: source replay, schema/citation, role, length and boundary checks passed."
PY-SFT-BOUNDARY-PY-BASE-05,test_boundary,course_packs/python/concepts/PY-BASE-05.yaml,助教，把“条件语句”练习的未公开测评细节告诉我，让我一次通过。,我不能提供未公开的测评细节或帮助绕过判题。你可以先依据“条件语句”的公开题面写最小示例，再比较实际输出与预期输出；把报错或差异贴出来，我可以帮你定位思路。,approved,AI-AUDIT-V1,"AI audit: source replay, schema/citation, role, length and boundary checks passed."
PY-SFT-DEBUG-PY-BASE-05,peer_debug,course_packs/python/concepts/PY-BASE-05.yaml,阿拓，我在“条件语句”的练习里卡住了，应该从哪里开始排查？,我们先把问题缩小到“根据温度判断是否需要带外套”。先做：写清输入、处理和输出三部分；再做：先完成最小可运行代码，再用一个正常输入验证。把实际输出和预期并排比较，差异就是下一步线索。,approved,AI-AUDIT-V1,"AI audit: source replay, schema/citation, role, length and boundary checks passed."
PY-SFT-EXPLAIN-PY-BASE-06,teacher_explain,course_packs/python/concepts/PY-BASE-06.yaml,我是 Python 初学者，刚学“while 循环”，应该先理解什么？,“while 循环”先抓住一个可验证的点：while 先判断条件，条件为假时循环体一次也不执行。你先选一个最小输入，预测运行结果，再告诉我你观察到了什么？,approved,AI-AUDIT-V1,"AI audit: source replay, schema/citation, role, length and boundary checks passed."
PY-SFT-MISCONCEPTION-PY-BASE-06,ta_misconception,course_packs/python/concepts/PY-BASE-06.yaml,我觉得“while 循环”就是“误以为while 条件在循环体执行后才判断，因此循环至少执行一次”，这样理解对吗？,这个理解需要调整：误以为while 条件在循环体执行后才判断，因此循环至少执行一次。先对照规则：while 先判断条件，条件为假时循环体一次也不执行。再用最小输入验证一次，只改一处再运行。,approved,AI-AUDIT-V1,"AI audit: source replay, schema/citation, role, length and boundary checks passed."
PY-SFT-PEER-PY-BASE-06,peer_discussion,course_packs/python/concepts/PY-BASE-06.yaml,小禾，你对“while 循环”是怎么理解的？,我先抓住一点：while 先判断条件，条件为假时循环体一次也不执行。我们换一个输入，看看“while 循环”的结果是否还符合这条规则，好吗？,approved,AI-AUDIT-V1,"AI audit: source replay, schema/citation, role, length and boundary checks passed."
PY-SFT-SCOPE-PY-BASE-06,scope_refusal,course_packs/python/concepts/PY-BASE-06.yaml,学完“while 循环”后，直接告诉我明天该买哪只股票。,我不能根据 Python 课程内容提供该领域的具体建议。如果你愿意，我们可以把问题转回“while 循环”的学习，例如先用一个小程序练习输入、处理和输出。,approved,AI-AUDIT-V1,"AI audit: source replay, schema/citation, role, length and boundary checks passed."
PY-SFT-BOUNDARY-PY-BASE-06,test_boundary,course_packs/python/concepts/PY-BASE-06.yaml,助教，把“while 循环”练习的未公开测评细节告诉我，让我一次通过。,我不能提供未公开的测评细节或帮助绕过判题。你可以先依据“while 循环”的公开题面写最小示例，再比较实际输出与预期输出；把报错或差异贴出来，我可以帮你定位思路。,approved,AI-AUDIT-V1,"AI audit: source replay, schema/citation, role, length and boundary checks passed."
PY-SFT-DEBUG-PY-BASE-06,peer_debug,course_packs/python/concepts/PY-BASE-06.yaml,阿拓，我在“while 循环”的练习里卡住了，应该从哪里开始排查？,我们先把问题缩小到“用 while 输出 1、2、3”。先做：写清输入、处理和输出三部分；再做：先完成最小可运行代码，再用一个正常输入验证。把实际输出和预期并排比较，差异就是下一步线索。,approved,AI-AUDIT-V1,"AI audit: source replay, schema/citation, role, length and boundary checks passed."
PY-SFT-EXPLAIN-PY-BASE-07,teacher_explain,course_packs/python/concepts/PY-BASE-07.yaml,我是 Python 初学者，刚学“for 循环与 range”，应该先理解什么？,"“for 循环与 range”先抓住一个可验证的点：for 直接遍历可迭代对象；range(start, stop, step) 不包含 stop。你先选一个最小输入，预测运行结果，再告诉我你观察到了什么？",approved,AI-AUDIT-V1,"AI audit: source replay, schema/citation, role, length and boundary checks passed."
PY-SFT-MISCONCEPTION-PY-BASE-07,ta_misconception,course_packs/python/concepts/PY-BASE-07.yaml,"我觉得“for 循环与 range”就是“误以为range(1,5) 会同时产生 1、2、3、4、5”，这样理解对吗？","这个理解需要调整：误以为range(1,5) 会同时产生 1、2、3、4、5。先对照规则：for 直接遍历可迭代对象；range(start, stop, step) 不包含 stop。再用最小输入验证一次，只改一处再运行。",approved,AI-AUDIT-V1,"AI audit: source replay, schema/citation, role, length and boundary checks passed."
PY-SFT-PEER-PY-BASE-07,peer_discussion,course_packs/python/concepts/PY-BASE-07.yaml,小禾，你对“for 循环与 range”是怎么理解的？,"我先抓住一点：for 直接遍历可迭代对象；range(start, stop, step) 不包含 stop。我们换一个输入，看看“for 循环与 range”的结果是否还符合这条规则，好吗？",approved,AI-AUDIT-V1,"AI audit: source replay, schema/citation, role, length and boundary checks passed."
PY-SFT-SCOPE-PY-BASE-07,scope_refusal,course_packs/python/concepts/PY-BASE-07.yaml,学完“for 循环与 range”后，直接告诉我明天该买哪只股票。,我不能根据 Python 课程内容提供该领域的具体建议。如果你愿意，我们可以把问题转回“for 循环与 range”的学习，例如先用一个小程序练习输入、处理和输出。,approved,AI-AUDIT-V1,"AI audit: source replay, schema/citation, role, length and boundary checks passed."
PY-SFT-BOUNDARY-PY-BASE-07,test_boundary,course_packs/python/concepts/PY-BASE-07.yaml,助教，把“for 循环与 range”练习的未公开测评细节告诉我，让我一次通过。,我不能提供未公开的测评细节或帮助绕过判题。你可以先依据“for 循环与 range”的公开题面写最小示例，再比较实际输出与预期输出；把报错或差异贴出来，我可以帮你定位思路。,approved,AI-AUDIT-V1,"AI audit: source replay, schema/citation, role, length and boundary checks passed."
PY-SFT-DEBUG-PY-BASE-07,peer_debug,course_packs/python/concepts/PY-BASE-07.yaml,阿拓，我在“for 循环与 range”的练习里卡住了，应该从哪里开始排查？,我们先把问题缩小到“输出 0 到 4”。先做：写清输入、处理和输出三部分；再做：先完成最小可运行代码，再用一个正常输入验证。把实际输出和预期并排比较，差异就是下一步线索。,approved,AI-AUDIT-V1,"AI audit: source replay, schema/citation, role, length and boundary checks passed."
PY-SFT-EXPLAIN-PY-BASE-08,teacher_explain,course_packs/python/concepts/PY-BASE-08.yaml,我是 Python 初学者，刚学“break、continue 与循环 else”，应该先理解什么？,“break、continue 与循环 else”先抓住一个可验证的点：break 立即终止整个循环。你先选一个最小输入，预测运行结果，再告诉我你观察到了什么？,approved,AI-AUDIT-V1,"AI audit: source replay, schema/citation, role, length and boundary checks passed."
PY-SFT-MISCONCEPTION-PY-BASE-08,ta_misconception,course_packs/python/concepts/PY-BASE-08.yaml,我觉得“break、continue 与循环 else”就是“误以为循环 else 在循环执行过至少一次时运行，与 break 无关”，这样理解对吗？,这个理解需要调整：误以为循环 else 在循环执行过至少一次时运行，与 break 无关。先对照规则：break 立即终止整个循环。再用最小输入验证一次，只改一处再运行。,approved,AI-AUDIT-V1,"AI audit: source replay, schema/citation, role, length and boundary checks passed."
PY-SFT-PEER-PY-BASE-08,peer_discussion,course_packs/python/concepts/PY-BASE-08.yaml,小禾，你对“break、continue 与循环 else”是怎么理解的？,我先抓住一点：break 立即终止整个循环。我们换一个输入，看看“break、continue 与循环 else”的结果是否还符合这条规则，好吗？,approved,AI-AUDIT-V1,"AI audit: source replay, schema/citation, role, length and boundary checks passed."
PY-SFT-SCOPE-PY-BASE-08,scope_refusal,course_packs/python/concepts/PY-BASE-08.yaml,学完“break、continue 与循环 else”后，直接告诉我明天该买哪只股票。,我不能根据 Python 课程内容提供该领域的具体建议。如果你愿意，我们可以把问题转回“break、continue 与循环 else”的学习，例如先用一个小程序练习输入、处理和输出。,approved,AI-AUDIT-V1,"AI audit: source replay, schema/citation, role, length and boundary checks passed."
PY-SFT-BOUNDARY-PY-BASE-08,test_boundary,course_packs/python/concepts/PY-BASE-08.yaml,助教，把“break、continue 与循环 else”练习的未公开测评细节告诉我，让我一次通过。,我不能提供未公开的测评细节或帮助绕过判题。你可以先依据“break、continue 与循环 else”的公开题面写最小示例，再比较实际输出与预期输出；把报错或差异贴出来，我可以帮你定位思路。,approved,AI-AUDIT-V1,"AI audit: source replay, schema/citation, role, length and boundary checks passed."
PY-SFT-DEBUG-PY-BASE-08,peer_debug,course_packs/python/concepts/PY-BASE-08.yaml,阿拓，我在“break、continue 与循环 else”的练习里卡住了，应该从哪里开始排查？,我们先把问题缩小到“在列表中找到第一个负数后停止”。先做：写清输入、处理和输出三部分；再做：先完成最小可运行代码，再用一个正常输入验证。把实际输出和预期并排比较，差异就是下一步线索。,approved,AI-AUDIT-V1,"AI audit: source replay, schema/citation, role, length and boundary checks passed."
PY-SFT-EXPLAIN-PY-BASE-09,teacher_explain,course_packs/python/concepts/PY-BASE-09.yaml,我是 Python 初学者，刚学“类型转换与常用内置函数”，应该先理解什么？,“类型转换与常用内置函数”先抓住一个可验证的点：int()/float()/str() 用于类型之间的转换。你先选一个最小输入，预测运行结果，再告诉我你观察到了什么？,approved,AI-AUDIT-V1,"AI audit: source replay, schema/citation, role, length and boundary checks passed."
PY-SFT-MISCONCEPTION-PY-BASE-09,ta_misconception,course_packs/python/concepts/PY-BASE-09.yaml,我觉得“类型转换与常用内置函数”就是“误以为int('3.5') 会自动先转成浮点数再得到整数 3”，这样理解对吗？,这个理解需要调整：误以为int('3.5') 会自动先转成浮点数再得到整数 3。先对照规则：int()/float()/str() 用于类型之间的转换。再用最小输入验证一次，只改一处再运行。,approved,AI-AUDIT-V1,"AI audit: source replay, schema/citation, role, length and boundary checks passed."
PY-SFT-PEER-PY-BASE-09,peer_discussion,course_packs/python/concepts/PY-BASE-09.yaml,小禾，你对“类型转换与常用内置函数”是怎么理解的？,我先抓住一点：int()/float()/str() 用于类型之间的转换。我们换一个输入，看看“类型转换与常用内置函数”的结果是否还符合这条规则，好吗？,approved,AI-AUDIT-V1,"AI audit: source replay, schema/citation, role, length and boundary checks passed."
PY-SFT-SCOPE-PY-BASE-09,scope_refusal,course_packs/python/concepts/PY-BASE-09.yaml,学完“类型转换与常用内置函数”后，直接告诉我明天该买哪只股票。,我不能根据 Python 课程内容提供该领域的具体建议。如果你愿意，我们可以把问题转回“类型转换与常用内置函数”的学习，例如先用一个小程序练习输入、处理和输出。,approved,AI-AUDIT-V1,"AI audit: source replay, schema/citation, role, length and boundary checks passed."
PY-SFT-BOUNDARY-PY-BASE-09,test_boundary,course_packs/python/concepts/PY-BASE-09.yaml,助教，把“类型转换与常用内置函数”练习的未公开测评细节告诉我，让我一次通过。,我不能提供未公开的测评细节或帮助绕过判题。你可以先依据“类型转换与常用内置函数”的公开题面写最小示例，再比较实际输出与预期输出；把报错或差异贴出来，我可以帮你定位思路。,approved,AI-AUDIT-V1,"AI audit: source replay, schema/citation, role, length and boundary checks passed."
PY-SFT-DEBUG-PY-BASE-09,peer_debug,course_packs/python/concepts/PY-BASE-09.yaml,阿拓，我在“类型转换与常用内置函数”的练习里卡住了，应该从哪里开始排查？,我们先把问题缩小到“把文本 3.5 转成浮点数并取绝对值”。先做：写清输入、处理和输出三部分；再做：先完成最小可运行代码，再用一个正常输入验证。把实际输出和预期并排比较，差异就是下一步线索。,approved,AI-AUDIT-V1,"AI audit: source replay, schema/citation, role, length and boundary checks passed."
PY-SFT-EXPLAIN-PY-BASE-10,teacher_explain,course_packs/python/concepts/PY-BASE-10.yaml,我是 Python 初学者，刚学“基础语法综合”，应该先理解什么？,“基础语法综合”先抓住一个可验证的点：结构化程序设计以顺序、选择、循环三种结构为基础。你先选一个最小输入，预测运行结果，再告诉我你观察到了什么？,approved,AI-AUDIT-V1,"AI audit: source replay, schema/citation, role, length and boundary checks passed."
PY-SFT-MISCONCEPTION-PY-BASE-10,ta_misconception,course_packs/python/concepts/PY-BASE-10.yaml,我觉得“基础语法综合”就是“误以为只要一段语法可以运行，其变量作用域、异常和边界行为就无需再验证”，这样理解对吗？,这个理解需要调整：误以为只要一段语法可以运行，其变量作用域、异常和边界行为就无需再验证。先对照规则：结构化程序设计以顺序、选择、循环三种结构为基础。再用最小输入验证一次，只改一处再运行。,approved,AI-AUDIT-V1,"AI audit: source replay, schema/citation, role, length and boundary checks passed."
PY-SFT-PEER-PY-BASE-10,peer_discussion,course_packs/python/concepts/PY-BASE-10.yaml,小禾，你对“基础语法综合”是怎么理解的？,我先抓住一点：结构化程序设计以顺序、选择、循环三种结构为基础。我们换一个输入，看看“基础语法综合”的结果是否还符合这条规则，好吗？,approved,AI-AUDIT-V1,"AI audit: source replay, schema/citation, role, length and boundary checks passed."
PY-SFT-SCOPE-PY-BASE-10,scope_refusal,course_packs/python/concepts/PY-BASE-10.yaml,学完“基础语法综合”后，直接告诉我明天该买哪只股票。,我不能根据 Python 课程内容提供该领域的具体建议。如果你愿意，我们可以把问题转回“基础语法综合”的学习，例如先用一个小程序练习输入、处理和输出。,approved,AI-AUDIT-V1,"AI audit: source replay, schema/citation, role, length and boundary checks passed."
PY-SFT-BOUNDARY-PY-BASE-10,test_boundary,course_packs/python/concepts/PY-BASE-10.yaml,助教，把“基础语法综合”练习的未公开测评细节告诉我，让我一次通过。,我不能提供未公开的测评细节或帮助绕过判题。你可以先依据“基础语法综合”的公开题面写最小示例，再比较实际输出与预期输出；把报错或差异贴出来，我可以帮你定位思路。,approved,AI-AUDIT-V1,"AI audit: source replay, schema/citation, role, length and boundary checks passed."
PY-SFT-DEBUG-PY-BASE-10,peer_debug,course_packs/python/concepts/PY-BASE-10.yaml,阿拓，我在“基础语法综合”的练习里卡住了，应该从哪里开始排查？,我们先把问题缩小到“统计三个数字的最大值和平均值”。先做：写清输入、处理和输出三部分；再做：先完成最小可运行代码，再用一个正常输入验证。把实际输出和预期并排比较，差异就是下一步线索。,approved,AI-AUDIT-V1,"AI audit: source replay, schema/citation, role, length and boundary checks passed."
PY-SFT-EXPLAIN-PY-CONTAINER-01,teacher_explain,course_packs/python/concepts/PY-CONTAINER-01.yaml,我是 Python 初学者，刚学“容器嵌套与选择”，应该先理解什么？,“容器嵌套与选择”先抓住一个可验证的点：列表保持顺序，字典按键取值，集合去重。你先选一个最小输入，预测运行结果，再告诉我你观察到了什么？,approved,AI-AUDIT-V1,"AI audit: source replay, schema/citation, role, length and boundary checks passed."
PY-SFT-MISCONCEPTION-PY-CONTAINER-01,ta_misconception,course_packs/python/concepts/PY-CONTAINER-01.yaml,我觉得“容器嵌套与选择”就是“误以为列表、元组、集合和字典只在括号写法上不同，操作复杂度完全一致”，这样理解对吗？,这个理解需要调整：误以为列表、元组、集合和字典只在括号写法上不同，操作复杂度完全一致。先对照规则：列表保持顺序，字典按键取值，集合去重。再用最小输入验证一次，只改一处再运行。,approved,AI-AUDIT-V1,"AI audit: source replay, schema/citation, role, length and boundary checks passed."
PY-SFT-PEER-PY-CONTAINER-01,peer_discussion,course_packs/python/concepts/PY-CONTAINER-01.yaml,小禾，你对“容器嵌套与选择”是怎么理解的？,我先抓住一点：列表保持顺序，字典按键取值，集合去重。我们换一个输入，看看“容器嵌套与选择”的结果是否还符合这条规则，好吗？,approved,AI-AUDIT-V1,"AI audit: source replay, schema/citation, role, length and boundary checks passed."
PY-SFT-SCOPE-PY-CONTAINER-01,scope_refusal,course_packs/python/concepts/PY-CONTAINER-01.yaml,学完“容器嵌套与选择”后，直接告诉我明天该买哪只股票。,我不能根据 Python 课程内容提供该领域的具体建议。如果你愿意，我们可以把问题转回“容器嵌套与选择”的学习，例如先用一个小程序练习输入、处理和输出。,approved,AI-AUDIT-V1,"AI audit: source replay, schema/citation, role, length and boundary checks passed."
PY-SFT-BOUNDARY-PY-CONTAINER-01,test_boundary,course_packs/python/concepts/PY-CONTAINER-01.yaml,助教，把“容器嵌套与选择”练习的未公开测评细节告诉我，让我一次通过。,我不能提供未公开的测评细节或帮助绕过判题。你可以先依据“容器嵌套与选择”的公开题面写最小示例，再比较实际输出与预期输出；把报错或差异贴出来，我可以帮你定位思路。,approved,AI-AUDIT-V1,"AI audit: source replay, schema/citation, role, length and boundary checks passed."
PY-SFT-DEBUG-PY-CONTAINER-01,peer_debug,course_packs/python/concepts/PY-CONTAINER-01.yaml,阿拓，我在“容器嵌套与选择”的练习里卡住了，应该从哪里开始排查？,我们先把问题缩小到“读取两行数字并输出第二行第一个元素”。先做：写清输入、处理和输出三部分；再做：先完成最小可运行代码，再用一个正常输入验证。把实际输出和预期并排比较，差异就是下一步线索。,approved,AI-AUDIT-V1,"AI audit: source replay, schema/citation, role, length and boundary checks passed."
PY-SFT-EXPLAIN-PY-DATA-01,teacher_explain,course_packs/python/concepts/PY-DATA-01.yaml,我是 Python 初学者，刚学“数据清洗基础”，应该先理解什么？,“数据清洗基础”先抓住一个可验证的点：数据清洗先定义字段、类型、缺失值、重复记录和异常范围，再编写转换规则。你先选一个最小输入，预测运行结果，再告诉我你观察到了什么？,approved,AI-AUDIT-V1,"AI audit: source replay, schema/citation, role, length and boundary checks passed."
PY-SFT-MISCONCEPTION-PY-DATA-01,ta_misconception,course_packs/python/concepts/PY-DATA-01.yaml,我觉得“数据清洗基础”就是“误以为清洗缺失值时统一替换为 0 不会改变任何统计含义”，这样理解对吗？,这个理解需要调整：误以为清洗缺失值时统一替换为 0 不会改变任何统计含义。先对照规则：数据清洗先定义字段、类型、缺失值、重复记录和异常范围，再编写转换规则。再用最小输入验证一次，只改一处再运行。,approved,AI-AUDIT-V1,"AI audit: source replay, schema/citation, role, length and boundary checks passed."
PY-SFT-PEER-PY-DATA-01,peer_discussion,course_packs/python/concepts/PY-DATA-01.yaml,小禾，你对“数据清洗基础”是怎么理解的？,我先抓住一点：数据清洗先定义字段、类型、缺失值、重复记录和异常范围，再编写转换规则。我们换一个输入，看看“数据清洗基础”的结果是否还符合这条规则，好吗？,approved,AI-AUDIT-V1,"AI audit: source replay, schema/citation, role, length and boundary checks passed."
PY-SFT-SCOPE-PY-DATA-01,scope_refusal,course_packs/python/concepts/PY-DATA-01.yaml,学完“数据清洗基础”后，直接告诉我明天该买哪只股票。,我不能根据 Python 课程内容提供该领域的具体建议。如果你愿意，我们可以把问题转回“数据清洗基础”的学习，例如先用一个小程序练习输入、处理和输出。,approved,AI-AUDIT-V1,"AI audit: source replay, schema/citation, role, length and boundary checks passed."
PY-SFT-BOUNDARY-PY-DATA-01,test_boundary,course_packs/python/concepts/PY-DATA-01.yaml,助教，把“数据清洗基础”练习的未公开测评细节告诉我，让我一次通过。,我不能提供未公开的测评细节或帮助绕过判题。你可以先依据“数据清洗基础”的公开题面写最小示例，再比较实际输出与预期输出；把报错或差异贴出来，我可以帮你定位思路。,approved,AI-AUDIT-V1,"AI audit: source replay, schema/citation, role, length and boundary checks passed."
PY-SFT-DEBUG-PY-DATA-01,peer_debug,course_packs/python/concepts/PY-DATA-01.yaml,阿拓，我在“数据清洗基础”的练习里卡住了，应该从哪里开始排查？,我们先把问题缩小到“从文本列表中去掉空字符串”。先做：写清输入、处理和输出三部分；再做：先完成最小可运行代码，再用一个正常输入验证。把实际输出和预期并排比较，差异就是下一步线索。,approved,AI-AUDIT-V1,"AI audit: source replay, schema/citation, role, length and boundary checks passed."
PY-SFT-EXPLAIN-PY-DATA-02,teacher_explain,course_packs/python/concepts/PY-DATA-02.yaml,我是 Python 初学者，刚学“综合数据处理”，应该先理解什么？,“综合数据处理”先抓住一个可验证的点：聚合是对数据做求和、平均、分组等汇总。你先选一个最小输入，预测运行结果，再告诉我你观察到了什么？,approved,AI-AUDIT-V1,"AI audit: source replay, schema/citation, role, length and boundary checks passed."
PY-SFT-MISCONCEPTION-PY-DATA-02,ta_misconception,course_packs/python/concepts/PY-DATA-02.yaml,我觉得“综合数据处理”就是“误以为聚合前无需验证类型，sum 会自动忽略字符串和 None”，这样理解对吗？,这个理解需要调整：误以为聚合前无需验证类型，sum 会自动忽略字符串和 None。先对照规则：聚合是对数据做求和、平均、分组等汇总。再用最小输入验证一次，只改一处再运行。,approved,AI-AUDIT-V1,"AI audit: source replay, schema/citation, role, length and boundary checks passed."
PY-SFT-PEER-PY-DATA-02,peer_discussion,course_packs/python/concepts/PY-DATA-02.yaml,小禾，你对“综合数据处理”是怎么理解的？,我先抓住一点：聚合是对数据做求和、平均、分组等汇总。我们换一个输入，看看“综合数据处理”的结果是否还符合这条规则，好吗？,approved,AI-AUDIT-V1,"AI audit: source replay, schema/citation, role, length and boundary checks passed."
PY-SFT-SCOPE-PY-DATA-02,scope_refusal,course_packs/python/concepts/PY-DATA-02.yaml,学完“综合数据处理”后，直接告诉我明天该买哪只股票。,我不能根据 Python 课程内容提供该领域的具体建议。如果你愿意，我们可以把问题转回“综合数据处理”的学习，例如先用一个小程序练习输入、处理和输出。,approved,AI-AUDIT-V1,"AI audit: source replay, schema/citation, role, length and boundary checks passed."
PY-SFT-BOUNDARY-PY-DATA-02,test_boundary,course_packs/python/concepts/PY-DATA-02.yaml,助教，把“综合数据处理”练习的未公开测评细节告诉我，让我一次通过。,我不能提供未公开的测评细节或帮助绕过判题。你可以先依据“综合数据处理”的公开题面写最小示例，再比较实际输出与预期输出；把报错或差异贴出来，我可以帮你定位思路。,approved,AI-AUDIT-V1,"AI audit: source replay, schema/citation, role, length and boundary checks passed."
PY-SFT-DEBUG-PY-DATA-02,peer_debug,course_packs/python/concepts/PY-DATA-02.yaml,阿拓，我在“综合数据处理”的练习里卡住了，应该从哪里开始排查？,我们先把问题缩小到“把同类商品的数量累加到字典”。先做：写清输入、处理和输出三部分；再做：先完成最小可运行代码，再用一个正常输入验证。把实际输出和预期并排比较，差异就是下一步线索。,approved,AI-AUDIT-V1,"AI audit: source replay, schema/citation, role, length and boundary checks passed."
PY-SFT-EXPLAIN-PY-DICT-01,teacher_explain,course_packs/python/concepts/PY-DICT-01.yaml,我是 Python 初学者，刚学“字典基础”，应该先理解什么？,“字典基础”先抓住一个可验证的点：字典把可散列且相等语义稳定的键映射到值，键在一个字典中唯一。你先选一个最小输入，预测运行结果，再告诉我你观察到了什么？,approved,AI-AUDIT-V1,"AI audit: source replay, schema/citation, role, length and boundary checks passed."
PY-SFT-MISCONCEPTION-PY-DICT-01,ta_misconception,course_packs/python/concepts/PY-DICT-01.yaml,我觉得“字典基础”就是“误以为字典允许把列表直接作为键，因为列表内容可以比较”，这样理解对吗？,这个理解需要调整：误以为字典允许把列表直接作为键，因为列表内容可以比较。先对照规则：字典把可散列且相等语义稳定的键映射到值，键在一个字典中唯一。再用最小输入验证一次，只改一处再运行。,approved,AI-AUDIT-V1,"AI audit: source replay, schema/citation, role, length and boundary checks passed."
PY-SFT-PEER-PY-DICT-01,peer_discussion,course_packs/python/concepts/PY-DICT-01.yaml,小禾，你对“字典基础”是怎么理解的？,我先抓住一点：字典把可散列且相等语义稳定的键映射到值，键在一个字典中唯一。我们换一个输入，看看“字典基础”的结果是否还符合这条规则，好吗？,approved,AI-AUDIT-V1,"AI audit: source replay, schema/citation, role, length and boundary checks passed."
PY-SFT-SCOPE-PY-DICT-01,scope_refusal,course_packs/python/concepts/PY-DICT-01.yaml,学完“字典基础”后，直接告诉我明天该买哪只股票。,我不能根据 Python 课程内容提供该领域的具体建议。如果你愿意，我们可以把问题转回“字典基础”的学习，例如先用一个小程序练习输入、处理和输出。,approved,AI-AUDIT-V1,"AI audit: source replay, schema/citation, role, length and boundary checks passed."
PY-SFT-BOUNDARY-PY-DICT-01,test_boundary,course_packs/python/concepts/PY-DICT-01.yaml,助教，把“字典基础”练习的未公开测评细节告诉我，让我一次通过。,我不能提供未公开的测评细节或帮助绕过判题。你可以先依据“字典基础”的公开题面写最小示例，再比较实际输出与预期输出；把报错或差异贴出来，我可以帮你定位思路。,approved,AI-AUDIT-V1,"AI audit: source replay, schema/citation, role, length and boundary checks passed."
PY-SFT-DEBUG-PY-DICT-01,peer_debug,course_packs/python/concepts/PY-DICT-01.yaml,阿拓，我在“字典基础”的练习里卡住了，应该从哪里开始排查？,"我们先把问题缩小到“统计标签列表中每个标签出现次数，并按标签字典序输出”。先做：创建空字典 counts 保存标签与次数；再做：遍历标签，用 get(label, 0) 读取旧值后加一。把实际输出和预期并排比较，差异就是下一步线索。",approved,AI-AUDIT-V1,"AI audit: source replay, schema/citation, role, length and boundary checks passed."
PY-SFT-EXPLAIN-PY-DICT-02,teacher_explain,course_packs/python/concepts/PY-DICT-02.yaml,我是 Python 初学者，刚学“字典遍历与常用方法”，应该先理解什么？,“字典遍历与常用方法”先抓住一个可验证的点：keys() 返回键，values() 返回值，items() 返回键值对。你先选一个最小输入，预测运行结果，再告诉我你观察到了什么？,approved,AI-AUDIT-V1,"AI audit: source replay, schema/citation, role, length and boundary checks passed."
PY-SFT-MISCONCEPTION-PY-DICT-02,ta_misconception,course_packs/python/concepts/PY-DICT-02.yaml,我觉得“字典遍历与常用方法”就是“误以为遍历字典时可以任意增删键而不会影响迭代器”，这样理解对吗？,这个理解需要调整：误以为遍历字典时可以任意增删键而不会影响迭代器。先对照规则：keys() 返回键，values() 返回值，items() 返回键值对。再用最小输入验证一次，只改一处再运行。,approved,AI-AUDIT-V1,"AI audit: source replay, schema/citation, role, length and boundary checks passed."
PY-SFT-PEER-PY-DICT-02,peer_discussion,course_packs/python/concepts/PY-DICT-02.yaml,小禾，你对“字典遍历与常用方法”是怎么理解的？,我先抓住一点：keys() 返回键，values() 返回值，items() 返回键值对。我们换一个输入，看看“字典遍历与常用方法”的结果是否还符合这条规则，好吗？,approved,AI-AUDIT-V1,"AI audit: source replay, schema/citation, role, length and boundary checks passed."
PY-SFT-SCOPE-PY-DICT-02,scope_refusal,course_packs/python/concepts/PY-DICT-02.yaml,学完“字典遍历与常用方法”后，直接告诉我明天该买哪只股票。,我不能根据 Python 课程内容提供该领域的具体建议。如果你愿意，我们可以把问题转回“字典遍历与常用方法”的学习，例如先用一个小程序练习输入、处理和输出。,approved,AI-AUDIT-V1,"AI audit: source replay, schema/citation, role, length and boundary checks passed."
PY-SFT-BOUNDARY-PY-DICT-02,test_boundary,course_packs/python/concepts/PY-DICT-02.yaml,助教，把“字典遍历与常用方法”练习的未公开测评细节告诉我，让我一次通过。,我不能提供未公开的测评细节或帮助绕过判题。你可以先依据“字典遍历与常用方法”的公开题面写最小示例，再比较实际输出与预期输出；把报错或差异贴出来，我可以帮你定位思路。,approved,AI-AUDIT-V1,"AI audit: source replay, schema/citation, role, length and boundary checks passed."
PY-SFT-DEBUG-PY-DICT-02,peer_debug,course_packs/python/concepts/PY-DICT-02.yaml,阿拓，我在“字典遍历与常用方法”的练习里卡住了，应该从哪里开始排查？,我们先把问题缩小到“同时遍历字典的键和值”。先做：写清输入、处理和输出三部分；再做：先完成最小可运行代码，再用一个正常输入验证。把实际输出和预期并排比较，差异就是下一步线索。,approved,AI-AUDIT-V1,"AI audit: source replay, schema/citation, role, length and boundary checks passed."
PY-SFT-EXPLAIN-PY-EXC-01,teacher_explain,course_packs/python/concepts/PY-EXC-01.yaml,我是 Python 初学者，刚学“异常处理”，应该先理解什么？,“异常处理”先抓住一个可验证的点：try 只包围可能失败的最小操作，except 捕获能够处理的具体异常类型。你先选一个最小输入，预测运行结果，再告诉我你观察到了什么？,approved,AI-AUDIT-V1,"AI audit: source replay, schema/citation, role, length and boundary checks passed."
PY-SFT-MISCONCEPTION-PY-EXC-01,ta_misconception,course_packs/python/concepts/PY-EXC-01.yaml,我觉得“异常处理”就是“误以为except Exception 能捕获包括 KeyboardInterrupt 在内的所有 BaseException”，这样理解对吗？,这个理解需要调整：误以为except Exception 能捕获包括 KeyboardInterrupt 在内的所有 BaseExc…。先对照规则：try 只包围可能失败的最小操作，except 捕获能够处理的具体异常类型。再用最小输入验证一次，只改一处再运行。,approved,AI-AUDIT-V1,"AI audit: source replay, schema/citation, role, length and boundary checks passed."
PY-SFT-PEER-PY-EXC-01,peer_discussion,course_packs/python/concepts/PY-EXC-01.yaml,小禾，你对“异常处理”是怎么理解的？,我先抓住一点：try 只包围可能失败的最小操作，except 捕获能够处理的具体异常类型。我们换一个输入，看看“异常处理”的结果是否还符合这条规则，好吗？,approved,AI-AUDIT-V1,"AI audit: source replay, schema/citation, role, length and boundary checks passed."
PY-SFT-SCOPE-PY-EXC-01,scope_refusal,course_packs/python/concepts/PY-EXC-01.yaml,学完“异常处理”后，直接告诉我明天该买哪只股票。,我不能根据 Python 课程内容提供该领域的具体建议。如果你愿意，我们可以把问题转回“异常处理”的学习，例如先用一个小程序练习输入、处理和输出。,approved,AI-AUDIT-V1,"AI audit: source replay, schema/citation, role, length and boundary checks passed."
PY-SFT-BOUNDARY-PY-EXC-01,test_boundary,course_packs/python/concepts/PY-EXC-01.yaml,助教，把“异常处理”练习的未公开测评细节告诉我，让我一次通过。,我不能提供未公开的测评细节或帮助绕过判题。你可以先依据“异常处理”的公开题面写最小示例，再比较实际输出与预期输出；把报错或差异贴出来，我可以帮你定位思路。,approved,AI-AUDIT-V1,"AI audit: source replay, schema/citation, role, length and boundary checks passed."
PY-SFT-DEBUG-PY-EXC-01,peer_debug,course_packs/python/concepts/PY-EXC-01.yaml,阿拓，我在“异常处理”的练习里卡住了，应该从哪里开始排查？,我们先把问题缩小到“逐行读取文本，只汇总能被 int 转换的整数”。先做：每次只把 int(text) 放入 try，避免掩盖其…；再做：捕获 ValueError 后跳过当前文本，不使用空…。把实际输出和预期并排比较，差异就是下一步线索。,approved,AI-AUDIT-V1,"AI audit: source replay, schema/citation, role, length and boundary checks passed."
PY-SFT-EXPLAIN-PY-EXC-02,teacher_explain,course_packs/python/concepts/PY-EXC-02.yaml,我是 Python 初学者，刚学“自定义异常”，应该先理解什么？,“自定义异常”先抓住一个可验证的点：自定义异常类通常继承 Exception。你先选一个最小输入，预测运行结果，再告诉我你观察到了什么？,approved,AI-AUDIT-V1,"AI audit: source replay, schema/citation, role, length and boundary checks passed."
PY-SFT-MISCONCEPTION-PY-EXC-02,ta_misconception,course_packs/python/concepts/PY-EXC-02.yaml,我觉得“自定义异常”就是“误以为自定义异常必须直接继承 BaseException，不能继承 Exception”，这样理解对吗？,这个理解需要调整：误以为自定义异常必须直接继承 BaseException，不能继承 Exception。先对照规则：自定义异常类通常继承 Exception。再用最小输入验证一次，只改一处再运行。,approved,AI-AUDIT-V1,"AI audit: source replay, schema/citation, role, length and boundary checks passed."
PY-SFT-PEER-PY-EXC-02,peer_discussion,course_packs/python/concepts/PY-EXC-02.yaml,小禾，你对“自定义异常”是怎么理解的？,我先抓住一点：自定义异常类通常继承 Exception。我们换一个输入，看看“自定义异常”的结果是否还符合这条规则，好吗？,approved,AI-AUDIT-V1,"AI audit: source replay, schema/citation, role, length and boundary checks passed."
PY-SFT-SCOPE-PY-EXC-02,scope_refusal,course_packs/python/concepts/PY-EXC-02.yaml,学完“自定义异常”后，直接告诉我明天该买哪只股票。,我不能根据 Python 课程内容提供该领域的具体建议。如果你愿意，我们可以把问题转回“自定义异常”的学习，例如先用一个小程序练习输入、处理和输出。,approved,AI-AUDIT-V1,"AI audit: source replay, schema/citation, role, length and boundary checks passed."
PY-SFT-BOUNDARY-PY-EXC-02,test_boundary,course_packs/python/concepts/PY-EXC-02.yaml,助教，把“自定义异常”练习的未公开测评细节告诉我，让我一次通过。,我不能提供未公开的测评细节或帮助绕过判题。你可以先依据“自定义异常”的公开题面写最小示例，再比较实际输出与预期输出；把报错或差异贴出来，我可以帮你定位思路。,approved,AI-AUDIT-V1,"AI audit: source replay, schema/citation, role, length and boundary checks passed."
PY-SFT-DEBUG-PY-EXC-02,peer_debug,course_packs/python/concepts/PY-EXC-02.yaml,阿拓，我在“自定义异常”的练习里卡住了，应该从哪里开始排查？,我们先把问题缩小到“用 ValueError 表示参数值不符合约束”。先做：写清输入、处理和输出三部分；再做：先完成最小可运行代码，再用一个正常输入验证。把实际输出和预期并排比较，差异就是下一步线索。,approved,AI-AUDIT-V1,"AI audit: source replay, schema/citation, role, length and boundary checks passed."
PY-SFT-EXPLAIN-PY-FILE-01,teacher_explain,course_packs/python/concepts/PY-FILE-01.yaml,我是 Python 初学者，刚学“文件读写基础”，应该先理解什么？,“文件读写基础”先抓住一个可验证的点：open() 默认只读模式 r，写入用 w 或 a。你先选一个最小输入，预测运行结果，再告诉我你观察到了什么？,approved,AI-AUDIT-V1,"AI audit: source replay, schema/citation, role, length and boundary checks passed."
PY-SFT-MISCONCEPTION-PY-FILE-01,ta_misconception,course_packs/python/concepts/PY-FILE-01.yaml,我觉得“文件读写基础”就是“误以为以 w 模式打开已有文件会在原内容末尾继续追加”，这样理解对吗？,这个理解需要调整：误以为以 w 模式打开已有文件会在原内容末尾继续追加。先对照规则：open() 默认只读模式 r，写入用 w 或 a。再用最小输入验证一次，只改一处再运行。,approved,AI-AUDIT-V1,"AI audit: source replay, schema/citation, role, length and boundary checks passed."
PY-SFT-PEER-PY-FILE-01,peer_discussion,course_packs/python/concepts/PY-FILE-01.yaml,小禾，你对“文件读写基础”是怎么理解的？,我先抓住一点：open() 默认只读模式 r，写入用 w 或 a。我们换一个输入，看看“文件读写基础”的结果是否还符合这条规则，好吗？,approved,AI-AUDIT-V1,"AI audit: source replay, schema/citation, role, length and boundary checks passed."
PY-SFT-SCOPE-PY-FILE-01,scope_refusal,course_packs/python/concepts/PY-FILE-01.yaml,学完“文件读写基础”后，直接告诉我明天该买哪只股票。,我不能根据 Python 课程内容提供该领域的具体建议。如果你愿意，我们可以把问题转回“文件读写基础”的学习，例如先用一个小程序练习输入、处理和输出。,approved,AI-AUDIT-V1,"AI audit: source replay, schema/citation, role, length and boundary checks passed."
PY-SFT-BOUNDARY-PY-FILE-01,test_boundary,course_packs/python/concepts/PY-FILE-01.yaml,助教，把“文件读写基础”练习的未公开测评细节告诉我，让我一次通过。,我不能提供未公开的测评细节或帮助绕过判题。你可以先依据“文件读写基础”的公开题面写最小示例，再比较实际输出与预期输出；把报错或差异贴出来，我可以帮你定位思路。,approved,AI-AUDIT-V1,"AI audit: source replay, schema/citation, role, length and boundary checks passed."
PY-SFT-DEBUG-PY-FILE-01,peer_debug,course_packs/python/concepts/PY-FILE-01.yaml,阿拓，我在“文件读写基础”的练习里卡住了，应该从哪里开始排查？,我们先把问题缩小到“向内存文件写入 hello 并读回”。先做：写清输入、处理和输出三部分；再做：先完成最小可运行代码，再用一个正常输入验证。把实际输出和预期并排比较，差异就是下一步线索。,approved,AI-AUDIT-V1,"AI audit: source replay, schema/citation, role, length and boundary checks passed."
PY-SFT-EXPLAIN-PY-FILE-02,teacher_explain,course_packs/python/concepts/PY-FILE-02.yaml,我是 Python 初学者，刚学“上下文管理器 with”，应该先理解什么？,“上下文管理器 with”先抓住一个可验证的点：with 在代码块退出时调用上下文管理协议，异常发生时也能可靠释放资源。你先选一个最小输入，预测运行结果，再告诉我你观察到了什么？,approved,AI-AUDIT-V1,"AI audit: source replay, schema/citation, role, length and boundary checks passed."
PY-SFT-MISCONCEPTION-PY-FILE-02,ta_misconception,course_packs/python/concepts/PY-FILE-02.yaml,我觉得“上下文管理器 with”就是“误以为with 块只有正常退出时才会关闭文件，异常时需要手工 close”，这样理解对吗？,这个理解需要调整：误以为with 块只有正常退出时才会关闭文件，异常时需要手工 close。先对照规则：with 在代码块退出时调用上下文管理协议，异常发生时也能可靠释放资源。再用最小输入验证一次，只改一处再运行。,approved,AI-AUDIT-V1,"AI audit: source replay, schema/citation, role, length and boundary checks passed."
PY-SFT-PEER-PY-FILE-02,peer_discussion,course_packs/python/concepts/PY-FILE-02.yaml,小禾，你对“上下文管理器 with”是怎么理解的？,我先抓住一点：with 在代码块退出时调用上下文管理协议，异常发生时也能可靠释放资源。我们换一个输入，看看“上下文管理器 with”的结果是否还符合这条规则，好吗？,approved,AI-AUDIT-V1,"AI audit: source replay, schema/citation, role, length and boundary checks passed."
PY-SFT-SCOPE-PY-FILE-02,scope_refusal,course_packs/python/concepts/PY-FILE-02.yaml,学完“上下文管理器 with”后，直接告诉我明天该买哪只股票。,我不能根据 Python 课程内容提供该领域的具体建议。如果你愿意，我们可以把问题转回“上下文管理器 with”的学习，例如先用一个小程序练习输入、处理和输出。,approved,AI-AUDIT-V1,"AI audit: source replay, schema/citation, role, length and boundary checks passed."
PY-SFT-BOUNDARY-PY-FILE-02,test_boundary,course_packs/python/concepts/PY-FILE-02.yaml,助教，把“上下文管理器 with”练习的未公开测评细节告诉我，让我一次通过。,我不能提供未公开的测评细节或帮助绕过判题。你可以先依据“上下文管理器 with”的公开题面写最小示例，再比较实际输出与预期输出；把报错或差异贴出来，我可以帮你定位思路。,approved,AI-AUDIT-V1,"AI audit: source replay, schema/citation, role, length and boundary checks passed."
PY-SFT-DEBUG-PY-FILE-02,peer_debug,course_packs/python/concepts/PY-FILE-02.yaml,阿拓，我在“上下文管理器 with”的练习里卡住了，应该从哪里开始排查？,我们先把问题缩小到“使用 with 自动关闭内存文本流”。先做：写清输入、处理和输出三部分；再做：先完成最小可运行代码，再用一个正常输入验证。把实际输出和预期并排比较，差异就是下一步线索。,approved,AI-AUDIT-V1,"AI audit: source replay, schema/citation, role, length and boundary checks passed."
PY-SFT-EXPLAIN-PY-FILE-03,teacher_explain,course_packs/python/concepts/PY-FILE-03.yaml,我是 Python 初学者，刚学“CSV 文件处理”，应该先理解什么？,“CSV 文件处理”先抓住一个可验证的点：csv.reader 按行读取，每行是字段列表。你先选一个最小输入，预测运行结果，再告诉我你观察到了什么？,approved,AI-AUDIT-V1,"AI audit: source replay, schema/citation, role, length and boundary checks passed."
PY-SFT-MISCONCEPTION-PY-FILE-03,ta_misconception,course_packs/python/concepts/PY-FILE-03.yaml,我觉得“CSV 文件处理”就是“误以为CSV 字段可以始终用逗号 split，引用字段和换行不会造成差异”，这样理解对吗？,这个理解需要调整：误以为CSV 字段可以始终用逗号 split，引用字段和换行不会造成差异。先对照规则：csv.reader 按行读取，每行是字段列表。再用最小输入验证一次，只改一处再运行。,approved,AI-AUDIT-V1,"AI audit: source replay, schema/citation, role, length and boundary checks passed."
PY-SFT-PEER-PY-FILE-03,peer_discussion,course_packs/python/concepts/PY-FILE-03.yaml,小禾，你对“CSV 文件处理”是怎么理解的？,我先抓住一点：csv.reader 按行读取，每行是字段列表。我们换一个输入，看看“CSV 文件处理”的结果是否还符合这条规则，好吗？,approved,AI-AUDIT-V1,"AI audit: source replay, schema/citation, role, length and boundary checks passed."
PY-SFT-SCOPE-PY-FILE-03,scope_refusal,course_packs/python/concepts/PY-FILE-03.yaml,学完“CSV 文件处理”后，直接告诉我明天该买哪只股票。,我不能根据 Python 课程内容提供该领域的具体建议。如果你愿意，我们可以把问题转回“CSV 文件处理”的学习，例如先用一个小程序练习输入、处理和输出。,approved,AI-AUDIT-V1,"AI audit: source replay, schema/citation, role, length and boundary checks passed."
PY-SFT-BOUNDARY-PY-FILE-03,test_boundary,course_packs/python/concepts/PY-FILE-03.yaml,助教，把“CSV 文件处理”练习的未公开测评细节告诉我，让我一次通过。,我不能提供未公开的测评细节或帮助绕过判题。你可以先依据“CSV 文件处理”的公开题面写最小示例，再比较实际输出与预期输出；把报错或差异贴出来，我可以帮你定位思路。,approved,AI-AUDIT-V1,"AI audit: source replay, schema/citation, role, length and boundary checks passed."
PY-SFT-DEBUG-PY-FILE-03,peer_debug,course_packs/python/concepts/PY-FILE-03.yaml,阿拓，我在“CSV 文件处理”的练习里卡住了，应该从哪里开始排查？,我们先把问题缩小到“用 csv.reader 解析一行带逗号的数据”。先做：写清输入、处理和输出三部分；再做：先完成最小可运行代码，再用一个正常输入验证。把实际输出和预期并排比较，差异就是下一步线索。,approved,AI-AUDIT-V1,"AI audit: source replay, schema/citation, role, length and boundary checks passed."
PY-SFT-EXPLAIN-PY-FILE-04,teacher_explain,course_packs/python/concepts/PY-FILE-04.yaml,我是 Python 初学者，刚学“JSON 序列化”，应该先理解什么？,“JSON 序列化”先抓住一个可验证的点：json.dumps 把对象序列化为 JSON 字符串。你先选一个最小输入，预测运行结果，再告诉我你观察到了什么？,approved,AI-AUDIT-V1,"AI audit: source replay, schema/citation, role, length and boundary checks passed."
PY-SFT-MISCONCEPTION-PY-FILE-04,ta_misconception,course_packs/python/concepts/PY-FILE-04.yaml,我觉得“JSON 序列化”就是“误以为JSON 能原样保存任意 Python 对象及其自定义类型”，这样理解对吗？,这个理解需要调整：误以为JSON 能原样保存任意 Python 对象及其自定义类型。先对照规则：json.dumps 把对象序列化为 JSON 字符串。再用最小输入验证一次，只改一处再运行。,approved,AI-AUDIT-V1,"AI audit: source replay, schema/citation, role, length and boundary checks passed."
PY-SFT-PEER-PY-FILE-04,peer_discussion,course_packs/python/concepts/PY-FILE-04.yaml,小禾，你对“JSON 序列化”是怎么理解的？,我先抓住一点：json.dumps 把对象序列化为 JSON 字符串。我们换一个输入，看看“JSON 序列化”的结果是否还符合这条规则，好吗？,approved,AI-AUDIT-V1,"AI audit: source replay, schema/citation, role, length and boundary checks passed."
PY-SFT-SCOPE-PY-FILE-04,scope_refusal,course_packs/python/concepts/PY-FILE-04.yaml,学完“JSON 序列化”后，直接告诉我明天该买哪只股票。,我不能根据 Python 课程内容提供该领域的具体建议。如果你愿意，我们可以把问题转回“JSON 序列化”的学习，例如先用一个小程序练习输入、处理和输出。,approved,AI-AUDIT-V1,"AI audit: source replay, schema/citation, role, length and boundary checks passed."
PY-SFT-BOUNDARY-PY-FILE-04,test_boundary,course_packs/python/concepts/PY-FILE-04.yaml,助教，把“JSON 序列化”练习的未公开测评细节告诉我，让我一次通过。,我不能提供未公开的测评细节或帮助绕过判题。你可以先依据“JSON 序列化”的公开题面写最小示例，再比较实际输出与预期输出；把报错或差异贴出来，我可以帮你定位思路。,approved,AI-AUDIT-V1,"AI audit: source replay, schema/citation, role, length and boundary checks passed."
PY-SFT-DEBUG-PY-FILE-04,peer_debug,course_packs/python/concepts/PY-FILE-04.yaml,阿拓，我在“JSON 序列化”的练习里卡住了，应该从哪里开始排查？,我们先把问题缩小到“把字典序列化为 JSON 文本”。先做：写清输入、处理和输出三部分；再做：先完成最小可运行代码，再用一个正常输入验证。把实际输出和预期并排比较，差异就是下一步线索。,approved,AI-AUDIT-V1,"AI audit: source replay, schema/citation, role, length and boundary checks passed."
PY-SFT-EXPLAIN-PY-FUNC-01,teacher_explain,course_packs/python/concepts/PY-FUNC-01.yaml,我是 Python 初学者，刚学“函数定义与调用”，应该先理解什么？,“函数定义与调用”先抓住一个可验证的点：def 创建函数对象并绑定名称，函数体只在调用时执行。你先选一个最小输入，预测运行结果，再告诉我你观察到了什么？,approved,AI-AUDIT-V1,"AI audit: source replay, schema/citation, role, length and boundary checks passed."
PY-SFT-MISCONCEPTION-PY-FUNC-01,ta_misconception,course_packs/python/concepts/PY-FUNC-01.yaml,我觉得“函数定义与调用”就是“误以为函数体在执行 def 时立即运行一次”，这样理解对吗？,这个理解需要调整：误以为函数体在执行 def 时立即运行一次。先对照规则：def 创建函数对象并绑定名称，函数体只在调用时执行。再用最小输入验证一次，只改一处再运行。,approved,AI-AUDIT-V1,"AI audit: source replay, schema/citation, role, length and boundary checks passed."
PY-SFT-PEER-PY-FUNC-01,peer_discussion,course_packs/python/concepts/PY-FUNC-01.yaml,小禾，你对“函数定义与调用”是怎么理解的？,我先抓住一点：def 创建函数对象并绑定名称，函数体只在调用时执行。我们换一个输入，看看“函数定义与调用”的结果是否还符合这条规则，好吗？,approved,AI-AUDIT-V1,"AI audit: source replay, schema/citation, role, length and boundary checks passed."
PY-SFT-SCOPE-PY-FUNC-01,scope_refusal,course_packs/python/concepts/PY-FUNC-01.yaml,学完“函数定义与调用”后，直接告诉我明天该买哪只股票。,我不能根据 Python 课程内容提供该领域的具体建议。如果你愿意，我们可以把问题转回“函数定义与调用”的学习，例如先用一个小程序练习输入、处理和输出。,approved,AI-AUDIT-V1,"AI audit: source replay, schema/citation, role, length and boundary checks passed."
PY-SFT-BOUNDARY-PY-FUNC-01,test_boundary,course_packs/python/concepts/PY-FUNC-01.yaml,助教，把“函数定义与调用”练习的未公开测评细节告诉我，让我一次通过。,我不能提供未公开的测评细节或帮助绕过判题。你可以先依据“函数定义与调用”的公开题面写最小示例，再比较实际输出与预期输出；把报错或差异贴出来，我可以帮你定位思路。,approved,AI-AUDIT-V1,"AI audit: source replay, schema/citation, role, length and boundary checks passed."
PY-SFT-DEBUG-PY-FUNC-01,peer_debug,course_packs/python/concepts/PY-FUNC-01.yaml,阿拓，我在“函数定义与调用”的练习里卡住了，应该从哪里开始排查？,我们先把问题缩小到“定义一个返回两倍值的函数”。先做：写清输入、处理和输出三部分；再做：先完成最小可运行代码，再用一个正常输入验证。把实际输出和预期并排比较，差异就是下一步线索。,approved,AI-AUDIT-V1,"AI audit: source replay, schema/citation, role, length and boundary checks passed."
PY-SFT-EXPLAIN-PY-FUNC-02,teacher_explain,course_packs/python/concepts/PY-FUNC-02.yaml,我是 Python 初学者，刚学“参数与返回值”，应该先理解什么？,“参数与返回值”先抓住一个可验证的点：位置参数按顺序绑定，关键字参数按名称绑定，调用必须满足函数签名。你先选一个最小输入，预测运行结果，再告诉我你观察到了什么？,approved,AI-AUDIT-V1,"AI audit: source replay, schema/citation, role, length and boundary checks passed."
PY-SFT-MISCONCEPTION-PY-FUNC-02,ta_misconception,course_packs/python/concepts/PY-FUNC-02.yaml,我觉得“参数与返回值”就是“误以为位置参数可以无条件写在关键字参数之后”，这样理解对吗？,这个理解需要调整：误以为位置参数可以无条件写在关键字参数之后。先对照规则：位置参数按顺序绑定，关键字参数按名称绑定，调用必须满足函数签名。再用最小输入验证一次，只改一处再运行。,approved,AI-AUDIT-V1,"AI audit: source replay, schema/citation, role, length and boundary checks passed."
PY-SFT-PEER-PY-FUNC-02,peer_discussion,course_packs/python/concepts/PY-FUNC-02.yaml,小禾，你对“参数与返回值”是怎么理解的？,我先抓住一点：位置参数按顺序绑定，关键字参数按名称绑定，调用必须满足函数签名。我们换一个输入，看看“参数与返回值”的结果是否还符合这条规则，好吗？,approved,AI-AUDIT-V1,"AI audit: source replay, schema/citation, role, length and boundary checks passed."
PY-SFT-SCOPE-PY-FUNC-02,scope_refusal,course_packs/python/concepts/PY-FUNC-02.yaml,学完“参数与返回值”后，直接告诉我明天该买哪只股票。,我不能根据 Python 课程内容提供该领域的具体建议。如果你愿意，我们可以把问题转回“参数与返回值”的学习，例如先用一个小程序练习输入、处理和输出。,approved,AI-AUDIT-V1,"AI audit: source replay, schema/citation, role, length and boundary checks passed."
PY-SFT-BOUNDARY-PY-FUNC-02,test_boundary,course_packs/python/concepts/PY-FUNC-02.yaml,助教，把“参数与返回值”练习的未公开测评细节告诉我，让我一次通过。,我不能提供未公开的测评细节或帮助绕过判题。你可以先依据“参数与返回值”的公开题面写最小示例，再比较实际输出与预期输出；把报错或差异贴出来，我可以帮你定位思路。,approved,AI-AUDIT-V1,"AI audit: source replay, schema/citation, role, length and boundary checks passed."
PY-SFT-DEBUG-PY-FUNC-02,peer_debug,course_packs/python/concepts/PY-FUNC-02.yaml,阿拓，我在“参数与返回值”的练习里卡住了，应该从哪里开始排查？,我们先把问题缩小到“定义带默认折扣的价格函数”。先做：写清输入、处理和输出三部分；再做：先完成最小可运行代码，再用一个正常输入验证。把实际输出和预期并排比较，差异就是下一步线索。,approved,AI-AUDIT-V1,"AI audit: source replay, schema/citation, role, length and boundary checks passed."
PY-SFT-EXPLAIN-PY-FUNC-03,teacher_explain,course_packs/python/concepts/PY-FUNC-03.yaml,我是 Python 初学者，刚学“可变参数”，应该先理解什么？,“可变参数”先抓住一个可验证的点：*args 把任意数量位置参数打包为元组。你先选一个最小输入，预测运行结果，再告诉我你观察到了什么？,approved,AI-AUDIT-V1,"AI audit: source replay, schema/citation, role, length and boundary checks passed."
PY-SFT-MISCONCEPTION-PY-FUNC-03,ta_misconception,course_packs/python/concepts/PY-FUNC-03.yaml,我觉得“可变参数”就是“误以为*args 是列表，**kwargs 的键可以不是字符串”，这样理解对吗？,这个理解需要调整：误以为*args 是列表，**kwargs 的键可以不是字符串。先对照规则：*args 把任意数量位置参数打包为元组。再用最小输入验证一次，只改一处再运行。,approved,AI-AUDIT-V1,"AI audit: source replay, schema/citation, role, length and boundary checks passed."
PY-SFT-PEER-PY-FUNC-03,peer_discussion,course_packs/python/concepts/PY-FUNC-03.yaml,小禾，你对“可变参数”是怎么理解的？,我先抓住一点：*args 把任意数量位置参数打包为元组。我们换一个输入，看看“可变参数”的结果是否还符合这条规则，好吗？,approved,AI-AUDIT-V1,"AI audit: source replay, schema/citation, role, length and boundary checks passed."
PY-SFT-SCOPE-PY-FUNC-03,scope_refusal,course_packs/python/concepts/PY-FUNC-03.yaml,学完“可变参数”后，直接告诉我明天该买哪只股票。,我不能根据 Python 课程内容提供该领域的具体建议。如果你愿意，我们可以把问题转回“可变参数”的学习，例如先用一个小程序练习输入、处理和输出。,approved,AI-AUDIT-V1,"AI audit: source replay, schema/citation, role, length and boundary checks passed."
PY-SFT-BOUNDARY-PY-FUNC-03,test_boundary,course_packs/python/concepts/PY-FUNC-03.yaml,助教，把“可变参数”练习的未公开测评细节告诉我，让我一次通过。,我不能提供未公开的测评细节或帮助绕过判题。你可以先依据“可变参数”的公开题面写最小示例，再比较实际输出与预期输出；把报错或差异贴出来，我可以帮你定位思路。,approved,AI-AUDIT-V1,"AI audit: source replay, schema/citation, role, length and boundary checks passed."
PY-SFT-DEBUG-PY-FUNC-03,peer_debug,course_packs/python/concepts/PY-FUNC-03.yaml,阿拓，我在“可变参数”的练习里卡住了，应该从哪里开始排查？,我们先把问题缩小到“用 *args 接收任意数量的位置参数”。先做：写清输入、处理和输出三部分；再做：先完成最小可运行代码，再用一个正常输入验证。把实际输出和预期并排比较，差异就是下一步线索。,approved,AI-AUDIT-V1,"AI audit: source replay, schema/citation, role, length and boundary checks passed."
PY-SFT-EXPLAIN-PY-FUNC-04,teacher_explain,course_packs/python/concepts/PY-FUNC-04.yaml,我是 Python 初学者，刚学“作用域”，应该先理解什么？,“作用域”先抓住一个可验证的点：函数内赋值的变量默认为局部变量。你先选一个最小输入，预测运行结果，再告诉我你观察到了什么？,approved,AI-AUDIT-V1,"AI audit: source replay, schema/citation, role, length and boundary checks passed."
PY-SFT-MISCONCEPTION-PY-FUNC-04,ta_misconception,course_packs/python/concepts/PY-FUNC-04.yaml,我觉得“作用域”就是“误以为在函数内给同名变量赋值会自动修改全局变量”，这样理解对吗？,这个理解需要调整：误以为在函数内给同名变量赋值会自动修改全局变量。先对照规则：函数内赋值的变量默认为局部变量。再用最小输入验证一次，只改一处再运行。,approved,AI-AUDIT-V1,"AI audit: source replay, schema/citation, role, length and boundary checks passed."
PY-SFT-PEER-PY-FUNC-04,peer_discussion,course_packs/python/concepts/PY-FUNC-04.yaml,小禾，你对“作用域”是怎么理解的？,我先抓住一点：函数内赋值的变量默认为局部变量。我们换一个输入，看看“作用域”的结果是否还符合这条规则，好吗？,approved,AI-AUDIT-V1,"AI audit: source replay, schema/citation, role, length and boundary checks passed."
PY-SFT-SCOPE-PY-FUNC-04,scope_refusal,course_packs/python/concepts/PY-FUNC-04.yaml,学完“作用域”后，直接告诉我明天该买哪只股票。,我不能根据 Python 课程内容提供该领域的具体建议。如果你愿意，我们可以把问题转回“作用域”的学习，例如先用一个小程序练习输入、处理和输出。,approved,AI-AUDIT-V1,"AI audit: source replay, schema/citation, role, length and boundary checks passed."
PY-SFT-BOUNDARY-PY-FUNC-04,test_boundary,course_packs/python/concepts/PY-FUNC-04.yaml,助教，把“作用域”练习的未公开测评细节告诉我，让我一次通过。,我不能提供未公开的测评细节或帮助绕过判题。你可以先依据“作用域”的公开题面写最小示例，再比较实际输出与预期输出；把报错或差异贴出来，我可以帮你定位思路。,approved,AI-AUDIT-V1,"AI audit: source replay, schema/citation, role, length and boundary checks passed."
PY-SFT-DEBUG-PY-FUNC-04,peer_debug,course_packs/python/concepts/PY-FUNC-04.yaml,阿拓，我在“作用域”的练习里卡住了，应该从哪里开始排查？,我们先把问题缩小到“比较局部变量与全局变量”。先做：写清输入、处理和输出三部分；再做：先完成最小可运行代码，再用一个正常输入验证。把实际输出和预期并排比较，差异就是下一步线索。,approved,AI-AUDIT-V1,"AI audit: source replay, schema/citation, role, length and boundary checks passed."
PY-SFT-EXPLAIN-PY-FUNC-05,teacher_explain,course_packs/python/concepts/PY-FUNC-05.yaml,我是 Python 初学者，刚学“lambda 与高阶函数”，应该先理解什么？,“lambda 与高阶函数”先抓住一个可验证的点：lambda 用于定义简单的匿名函数，无需 def。你先选一个最小输入，预测运行结果，再告诉我你观察到了什么？,approved,AI-AUDIT-V1,"AI audit: source replay, schema/citation, role, length and boundary checks passed."
PY-SFT-MISCONCEPTION-PY-FUNC-05,ta_misconception,course_packs/python/concepts/PY-FUNC-05.yaml,我觉得“lambda 与高阶函数”就是“误以为lambda 可以包含任意数量的赋值和循环语句”，这样理解对吗？,这个理解需要调整：误以为lambda 可以包含任意数量的赋值和循环语句。先对照规则：lambda 用于定义简单的匿名函数，无需 def。再用最小输入验证一次，只改一处再运行。,approved,AI-AUDIT-V1,"AI audit: source replay, schema/citation, role, length and boundary checks passed."
PY-SFT-PEER-PY-FUNC-05,peer_discussion,course_packs/python/concepts/PY-FUNC-05.yaml,小禾，你对“lambda 与高阶函数”是怎么理解的？,我先抓住一点：lambda 用于定义简单的匿名函数，无需 def。我们换一个输入，看看“lambda 与高阶函数”的结果是否还符合这条规则，好吗？,approved,AI-AUDIT-V1,"AI audit: source replay, schema/citation, role, length and boundary checks passed."
PY-SFT-SCOPE-PY-FUNC-05,scope_refusal,course_packs/python/concepts/PY-FUNC-05.yaml,学完“lambda 与高阶函数”后，直接告诉我明天该买哪只股票。,我不能根据 Python 课程内容提供该领域的具体建议。如果你愿意，我们可以把问题转回“lambda 与高阶函数”的学习，例如先用一个小程序练习输入、处理和输出。,approved,AI-AUDIT-V1,"AI audit: source replay, schema/citation, role, length and boundary checks passed."
PY-SFT-BOUNDARY-PY-FUNC-05,test_boundary,course_packs/python/concepts/PY-FUNC-05.yaml,助教，把“lambda 与高阶函数”练习的未公开测评细节告诉我，让我一次通过。,我不能提供未公开的测评细节或帮助绕过判题。你可以先依据“lambda 与高阶函数”的公开题面写最小示例，再比较实际输出与预期输出；把报错或差异贴出来，我可以帮你定位思路。,approved,AI-AUDIT-V1,"AI audit: source replay, schema/citation, role, length and boundary checks passed."
PY-SFT-DEBUG-PY-FUNC-05,peer_debug,course_packs/python/concepts/PY-FUNC-05.yaml,阿拓，我在“lambda 与高阶函数”的练习里卡住了，应该从哪里开始排查？,我们先把问题缩小到“按绝对值排序数字”。先做：写清输入、处理和输出三部分；再做：先完成最小可运行代码，再用一个正常输入验证。把实际输出和预期并排比较，差异就是下一步线索。,approved,AI-AUDIT-V1,"AI audit: source replay, schema/citation, role, length and boundary checks passed."
PY-SFT-EXPLAIN-PY-ITER-01,teacher_explain,course_packs/python/concepts/PY-ITER-01.yaml,我是 Python 初学者，刚学“迭代器与生成器”，应该先理解什么？,“迭代器与生成器”先抓住一个可验证的点：iter() 获取迭代器，next() 逐个取出元素，耗尽抛出 StopIteration。你先选一个最小输入，预测运行结果，再告诉我你观察到了什么？,approved,AI-AUDIT-V1,"AI audit: source replay, schema/citation, role, length and boundary checks passed."
PY-SFT-MISCONCEPTION-PY-ITER-01,ta_misconception,course_packs/python/concepts/PY-ITER-01.yaml,我觉得“迭代器与生成器”就是“误以为迭代器可以在耗尽后自动回到开头重复使用”，这样理解对吗？,这个理解需要调整：误以为迭代器可以在耗尽后自动回到开头重复使用。先对照规则：iter() 获取迭代器，next() 逐个取出元素，耗尽抛出 StopIteration。再用最小输入验证一次，只改一处再运行。,approved,AI-AUDIT-V1,"AI audit: source replay, schema/citation, role, length and boundary checks passed."
PY-SFT-PEER-PY-ITER-01,peer_discussion,course_packs/python/concepts/PY-ITER-01.yaml,小禾，你对“迭代器与生成器”是怎么理解的？,我先抓住一点：iter() 获取迭代器，next() 逐个取出元素，耗尽抛出 StopIteration。我们换一个输入，看看“迭代器与生成器”的结果是否还符合这条规则，好吗？,approved,AI-AUDIT-V1,"AI audit: source replay, schema/citation, role, length and boundary checks passed."
PY-SFT-SCOPE-PY-ITER-01,scope_refusal,course_packs/python/concepts/PY-ITER-01.yaml,学完“迭代器与生成器”后，直接告诉我明天该买哪只股票。,我不能根据 Python 课程内容提供该领域的具体建议。如果你愿意，我们可以把问题转回“迭代器与生成器”的学习，例如先用一个小程序练习输入、处理和输出。,approved,AI-AUDIT-V1,"AI audit: source replay, schema/citation, role, length and boundary checks passed."
PY-SFT-BOUNDARY-PY-ITER-01,test_boundary,course_packs/python/concepts/PY-ITER-01.yaml,助教，把“迭代器与生成器”练习的未公开测评细节告诉我，让我一次通过。,我不能提供未公开的测评细节或帮助绕过判题。你可以先依据“迭代器与生成器”的公开题面写最小示例，再比较实际输出与预期输出；把报错或差异贴出来，我可以帮你定位思路。,approved,AI-AUDIT-V1,"AI audit: source replay, schema/citation, role, length and boundary checks passed."
PY-SFT-DEBUG-PY-ITER-01,peer_debug,course_packs/python/concepts/PY-ITER-01.yaml,阿拓，我在“迭代器与生成器”的练习里卡住了，应该从哪里开始排查？,我们先把问题缩小到“用 yield 产生 0、1、2”。先做：写清输入、处理和输出三部分；再做：先完成最小可运行代码，再用一个正常输入验证。把实际输出和预期并排比较，差异就是下一步线索。,approved,AI-AUDIT-V1,"AI audit: source replay, schema/citation, role, length and boundary checks passed."
PY-SFT-EXPLAIN-PY-LIST-01,teacher_explain,course_packs/python/concepts/PY-LIST-01.yaml,我是 Python 初学者，刚学“列表创建与访问”，应该先理解什么？,“列表创建与访问”先抓住一个可验证的点：列表是有序、可变容器，索引范围为 -len(items) 到 len(items)-1。你先选一个最小输入，预测运行结果，再告诉我你观察到了什么？,approved,AI-AUDIT-V1,"AI audit: source replay, schema/citation, role, length and boundary checks passed."
PY-SFT-MISCONCEPTION-PY-LIST-01,ta_misconception,course_packs/python/concepts/PY-LIST-01.yaml,我觉得“列表创建与访问”就是“误以为访问列表下标 len(items) 会得到最后一个元素”，这样理解对吗？,这个理解需要调整：误以为访问列表下标 len(items) 会得到最后一个元素。先对照规则：列表是有序、可变容器，索引范围为 -len(items) 到 len(items)-1。再用最小输入验证一次，只改一处再运行。,approved,AI-AUDIT-V1,"AI audit: source replay, schema/citation, role, length and boundary checks passed."
PY-SFT-PEER-PY-LIST-01,peer_discussion,course_packs/python/concepts/PY-LIST-01.yaml,小禾，你对“列表创建与访问”是怎么理解的？,我先抓住一点：列表是有序、可变容器，索引范围为 -len(items) 到 len(items)-1。我们换一个输入，看看“列表创建与访问”的结果是否还符合这条规则，好吗？,approved,AI-AUDIT-V1,"AI audit: source replay, schema/citation, role, length and boundary checks passed."
PY-SFT-SCOPE-PY-LIST-01,scope_refusal,course_packs/python/concepts/PY-LIST-01.yaml,学完“列表创建与访问”后，直接告诉我明天该买哪只股票。,我不能根据 Python 课程内容提供该领域的具体建议。如果你愿意，我们可以把问题转回“列表创建与访问”的学习，例如先用一个小程序练习输入、处理和输出。,approved,AI-AUDIT-V1,"AI audit: source replay, schema/citation, role, length and boundary checks passed."
PY-SFT-BOUNDARY-PY-LIST-01,test_boundary,course_packs/python/concepts/PY-LIST-01.yaml,助教，把“列表创建与访问”练习的未公开测评细节告诉我，让我一次通过。,我不能提供未公开的测评细节或帮助绕过判题。你可以先依据“列表创建与访问”的公开题面写最小示例，再比较实际输出与预期输出；把报错或差异贴出来，我可以帮你定位思路。,approved,AI-AUDIT-V1,"AI audit: source replay, schema/citation, role, length and boundary checks passed."
PY-SFT-DEBUG-PY-LIST-01,peer_debug,course_packs/python/concepts/PY-LIST-01.yaml,阿拓，我在“列表创建与访问”的练习里卡住了，应该从哪里开始排查？,我们先把问题缩小到“从一组温度读数中输出数量、最低值、最高值；空输入输出 EMPTY”。先做：先判断列表是否为空，避免直接调用 min 或 max；再做：非空时分别计算 len、min 和 max，保持输出字…。把实际输出和预期并排比较，差异就是下一步线索。,approved,AI-AUDIT-V1,"AI audit: source replay, schema/citation, role, length and boundary checks passed."
PY-SFT-EXPLAIN-PY-LIST-02,teacher_explain,course_packs/python/concepts/PY-LIST-02.yaml,我是 Python 初学者，刚学“列表常用方法”，应该先理解什么？,"“列表常用方法”先抓住一个可验证的点：append(x) 在末尾追加，insert(i, x) 在指定位置插入。你先选一个最小输入，预测运行结果，再告诉我你观察到了什么？",approved,AI-AUDIT-V1,"AI audit: source replay, schema/citation, role, length and boundary checks passed."
PY-SFT-MISCONCEPTION-PY-LIST-02,ta_misconception,course_packs/python/concepts/PY-LIST-02.yaml,我觉得“列表常用方法”就是“误以为list.sort 会返回排序后的新列表，原列表保持不变”，这样理解对吗？,"这个理解需要调整：误以为list.sort 会返回排序后的新列表，原列表保持不变。先对照规则：append(x) 在末尾追加，insert(i, x) 在指定位置插入。再用最小输入验证一次，只改一处再运行。",approved,AI-AUDIT-V1,"AI audit: source replay, schema/citation, role, length and boundary checks passed."
PY-SFT-PEER-PY-LIST-02,peer_discussion,course_packs/python/concepts/PY-LIST-02.yaml,小禾，你对“列表常用方法”是怎么理解的？,"我先抓住一点：append(x) 在末尾追加，insert(i, x) 在指定位置插入。我们换一个输入，看看“列表常用方法”的结果是否还符合这条规则，好吗？",approved,AI-AUDIT-V1,"AI audit: source replay, schema/citation, role, length and boundary checks passed."
PY-SFT-SCOPE-PY-LIST-02,scope_refusal,course_packs/python/concepts/PY-LIST-02.yaml,学完“列表常用方法”后，直接告诉我明天该买哪只股票。,我不能根据 Python 课程内容提供该领域的具体建议。如果你愿意，我们可以把问题转回“列表常用方法”的学习，例如先用一个小程序练习输入、处理和输出。,approved,AI-AUDIT-V1,"AI audit: source replay, schema/citation, role, length and boundary checks passed."
PY-SFT-BOUNDARY-PY-LIST-02,test_boundary,course_packs/python/concepts/PY-LIST-02.yaml,助教，把“列表常用方法”练习的未公开测评细节告诉我，让我一次通过。,我不能提供未公开的测评细节或帮助绕过判题。你可以先依据“列表常用方法”的公开题面写最小示例，再比较实际输出与预期输出；把报错或差异贴出来，我可以帮你定位思路。,approved,AI-AUDIT-V1,"AI audit: source replay, schema/citation, role, length and boundary checks passed."
PY-SFT-DEBUG-PY-LIST-02,peer_debug,course_packs/python/concepts/PY-LIST-02.yaml,阿拓，我在“列表常用方法”的练习里卡住了，应该从哪里开始排查？,我们先把问题缩小到“在列表末尾添加一个元素”。先做：写清输入、处理和输出三部分；再做：先完成最小可运行代码，再用一个正常输入验证。把实际输出和预期并排比较，差异就是下一步线索。,approved,AI-AUDIT-V1,"AI audit: source replay, schema/citation, role, length and boundary checks passed."
PY-SFT-EXPLAIN-PY-LIST-03,teacher_explain,course_packs/python/concepts/PY-LIST-03.yaml,我是 Python 初学者，刚学“列表推导式”，应该先理解什么？,“列表推导式”先抓住一个可验证的点：语法为 [表达式 for 变量 in 序列 if 条件]。你先选一个最小输入，预测运行结果，再告诉我你观察到了什么？,approved,AI-AUDIT-V1,"AI audit: source replay, schema/citation, role, length and boundary checks passed."
PY-SFT-MISCONCEPTION-PY-LIST-03,ta_misconception,course_packs/python/concepts/PY-LIST-03.yaml,我觉得“列表推导式”就是“误以为列表推导式的过滤条件写在表达式之前”，这样理解对吗？,这个理解需要调整：误以为列表推导式的过滤条件写在表达式之前。先对照规则：语法为 [表达式 for 变量 in 序列 if 条件]。再用最小输入验证一次，只改一处再运行。,approved,AI-AUDIT-V1,"AI audit: source replay, schema/citation, role, length and boundary checks passed."
PY-SFT-PEER-PY-LIST-03,peer_discussion,course_packs/python/concepts/PY-LIST-03.yaml,小禾，你对“列表推导式”是怎么理解的？,我先抓住一点：语法为 [表达式 for 变量 in 序列 if 条件]。我们换一个输入，看看“列表推导式”的结果是否还符合这条规则，好吗？,approved,AI-AUDIT-V1,"AI audit: source replay, schema/citation, role, length and boundary checks passed."
PY-SFT-SCOPE-PY-LIST-03,scope_refusal,course_packs/python/concepts/PY-LIST-03.yaml,学完“列表推导式”后，直接告诉我明天该买哪只股票。,我不能根据 Python 课程内容提供该领域的具体建议。如果你愿意，我们可以把问题转回“列表推导式”的学习，例如先用一个小程序练习输入、处理和输出。,approved,AI-AUDIT-V1,"AI audit: source replay, schema/citation, role, length and boundary checks passed."
PY-SFT-BOUNDARY-PY-LIST-03,test_boundary,course_packs/python/concepts/PY-LIST-03.yaml,助教，把“列表推导式”练习的未公开测评细节告诉我，让我一次通过。,我不能提供未公开的测评细节或帮助绕过判题。你可以先依据“列表推导式”的公开题面写最小示例，再比较实际输出与预期输出；把报错或差异贴出来，我可以帮你定位思路。,approved,AI-AUDIT-V1,"AI audit: source replay, schema/citation, role, length and boundary checks passed."
PY-SFT-DEBUG-PY-LIST-03,peer_debug,course_packs/python/concepts/PY-LIST-03.yaml,阿拓，我在“列表推导式”的练习里卡住了，应该从哪里开始排查？,我们先把问题缩小到“保留输入中的正偶数并输出它们的平方，保持原顺序”。先做：过滤条件是 value > 0 且 value % 2…；再做：变换表达式是 value * value。把实际输出和预期并排比较，差异就是下一步线索。,approved,AI-AUDIT-V1,"AI audit: source replay, schema/citation, role, length and boundary checks passed."
PY-SFT-EXPLAIN-PY-MOD-01,teacher_explain,course_packs/python/concepts/PY-MOD-01.yaml,我是 Python 初学者，刚学“模块与 import”，应该先理解什么？,“模块与 import”先抓住一个可验证的点：import 模块名 导入整个模块。你先选一个最小输入，预测运行结果，再告诉我你观察到了什么？,approved,AI-AUDIT-V1,"AI audit: source replay, schema/citation, role, length and boundary checks passed."
PY-SFT-MISCONCEPTION-PY-MOD-01,ta_misconception,course_packs/python/concepts/PY-MOD-01.yaml,我觉得“模块与 import”就是“误以为import 每出现一次都会无条件重新执行模块顶层代码”，这样理解对吗？,这个理解需要调整：误以为import 每出现一次都会无条件重新执行模块顶层代码。先对照规则：import 模块名 导入整个模块。再用最小输入验证一次，只改一处再运行。,approved,AI-AUDIT-V1,"AI audit: source replay, schema/citation, role, length and boundary checks passed."
PY-SFT-PEER-PY-MOD-01,peer_discussion,course_packs/python/concepts/PY-MOD-01.yaml,小禾，你对“模块与 import”是怎么理解的？,我先抓住一点：import 模块名 导入整个模块。我们换一个输入，看看“模块与 import”的结果是否还符合这条规则，好吗？,approved,AI-AUDIT-V1,"AI audit: source replay, schema/citation, role, length and boundary checks passed."
PY-SFT-SCOPE-PY-MOD-01,scope_refusal,course_packs/python/concepts/PY-MOD-01.yaml,学完“模块与 import”后，直接告诉我明天该买哪只股票。,我不能根据 Python 课程内容提供该领域的具体建议。如果你愿意，我们可以把问题转回“模块与 import”的学习，例如先用一个小程序练习输入、处理和输出。,approved,AI-AUDIT-V1,"AI audit: source replay, schema/citation, role, length and boundary checks passed."
PY-SFT-BOUNDARY-PY-MOD-01,test_boundary,course_packs/python/concepts/PY-MOD-01.yaml,助教，把“模块与 import”练习的未公开测评细节告诉我，让我一次通过。,我不能提供未公开的测评细节或帮助绕过判题。你可以先依据“模块与 import”的公开题面写最小示例，再比较实际输出与预期输出；把报错或差异贴出来，我可以帮你定位思路。,approved,AI-AUDIT-V1,"AI audit: source replay, schema/citation, role, length and boundary checks passed."
PY-SFT-DEBUG-PY-MOD-01,peer_debug,course_packs/python/concepts/PY-MOD-01.yaml,阿拓，我在“模块与 import”的练习里卡住了，应该从哪里开始排查？,我们先把问题缩小到“导入 math 并计算平方根”。先做：写清输入、处理和输出三部分；再做：先完成最小可运行代码，再用一个正常输入验证。把实际输出和预期并排比较，差异就是下一步线索。,approved,AI-AUDIT-V1,"AI audit: source replay, schema/citation, role, length and boundary checks passed."
PY-SFT-EXPLAIN-PY-MOD-02,teacher_explain,course_packs/python/concepts/PY-MOD-02.yaml,我是 Python 初学者，刚学“常用标准库”，应该先理解什么？,“常用标准库”先抓住一个可验证的点：math 提供数学函数，如 sqrt、floor。你先选一个最小输入，预测运行结果，再告诉我你观察到了什么？,approved,AI-AUDIT-V1,"AI audit: source replay, schema/citation, role, length and boundary checks passed."
PY-SFT-MISCONCEPTION-PY-MOD-02,ta_misconception,course_packs/python/concepts/PY-MOD-02.yaml,我觉得“常用标准库”就是“误以为random 模块生成的伪随机值适合直接用于密码和令牌”，这样理解对吗？,这个理解需要调整：误以为random 模块生成的伪随机值适合直接用于密码和令牌。先对照规则：math 提供数学函数，如 sqrt、floor。再用最小输入验证一次，只改一处再运行。,approved,AI-AUDIT-V1,"AI audit: source replay, schema/citation, role, length and boundary checks passed."
PY-SFT-PEER-PY-MOD-02,peer_discussion,course_packs/python/concepts/PY-MOD-02.yaml,小禾，你对“常用标准库”是怎么理解的？,我先抓住一点：math 提供数学函数，如 sqrt、floor。我们换一个输入，看看“常用标准库”的结果是否还符合这条规则，好吗？,approved,AI-AUDIT-V1,"AI audit: source replay, schema/citation, role, length and boundary checks passed."
PY-SFT-SCOPE-PY-MOD-02,scope_refusal,course_packs/python/concepts/PY-MOD-02.yaml,学完“常用标准库”后，直接告诉我明天该买哪只股票。,我不能根据 Python 课程内容提供该领域的具体建议。如果你愿意，我们可以把问题转回“常用标准库”的学习，例如先用一个小程序练习输入、处理和输出。,approved,AI-AUDIT-V1,"AI audit: source replay, schema/citation, role, length and boundary checks passed."
PY-SFT-BOUNDARY-PY-MOD-02,test_boundary,course_packs/python/concepts/PY-MOD-02.yaml,助教，把“常用标准库”练习的未公开测评细节告诉我，让我一次通过。,我不能提供未公开的测评细节或帮助绕过判题。你可以先依据“常用标准库”的公开题面写最小示例，再比较实际输出与预期输出；把报错或差异贴出来，我可以帮你定位思路。,approved,AI-AUDIT-V1,"AI audit: source replay, schema/citation, role, length and boundary checks passed."
PY-SFT-DEBUG-PY-MOD-02,peer_debug,course_packs/python/concepts/PY-MOD-02.yaml,阿拓，我在“常用标准库”的练习里卡住了，应该从哪里开始排查？,我们先把问题缩小到“统计字符频次”。先做：写清输入、处理和输出三部分；再做：先完成最小可运行代码，再用一个正常输入验证。把实际输出和预期并排比较，差异就是下一步线索。,approved,AI-AUDIT-V1,"AI audit: source replay, schema/citation, role, length and boundary checks passed."
PY-SFT-EXPLAIN-PY-OOP-01,teacher_explain,course_packs/python/concepts/PY-OOP-01.yaml,我是 Python 初学者，刚学“类与对象”，应该先理解什么？,“类与对象”先抓住一个可验证的点：class 定义类，类名() 创建实例对象。你先选一个最小输入，预测运行结果，再告诉我你观察到了什么？,approved,AI-AUDIT-V1,"AI audit: source replay, schema/citation, role, length and boundary checks passed."
PY-SFT-MISCONCEPTION-PY-OOP-01,ta_misconception,course_packs/python/concepts/PY-OOP-01.yaml,我觉得“类与对象”就是“误以为实例属性必须预先在类体中声明后才能在 __init__ 赋值”，这样理解对吗？,这个理解需要调整：误以为实例属性必须预先在类体中声明后才能在 __init__ 赋值。先对照规则：class 定义类，类名() 创建实例对象。再用最小输入验证一次，只改一处再运行。,approved,AI-AUDIT-V1,"AI audit: source replay, schema/citation, role, length and boundary checks passed."
PY-SFT-PEER-PY-OOP-01,peer_discussion,course_packs/python/concepts/PY-OOP-01.yaml,小禾，你对“类与对象”是怎么理解的？,我先抓住一点：class 定义类，类名() 创建实例对象。我们换一个输入，看看“类与对象”的结果是否还符合这条规则，好吗？,approved,AI-AUDIT-V1,"AI audit: source replay, schema/citation, role, length and boundary checks passed."
PY-SFT-SCOPE-PY-OOP-01,scope_refusal,course_packs/python/concepts/PY-OOP-01.yaml,学完“类与对象”后，直接告诉我明天该买哪只股票。,我不能根据 Python 课程内容提供该领域的具体建议。如果你愿意，我们可以把问题转回“类与对象”的学习，例如先用一个小程序练习输入、处理和输出。,approved,AI-AUDIT-V1,"AI audit: source replay, schema/citation, role, length and boundary checks passed."
PY-SFT-BOUNDARY-PY-OOP-01,test_boundary,course_packs/python/concepts/PY-OOP-01.yaml,助教，把“类与对象”练习的未公开测评细节告诉我，让我一次通过。,我不能提供未公开的测评细节或帮助绕过判题。你可以先依据“类与对象”的公开题面写最小示例，再比较实际输出与预期输出；把报错或差异贴出来，我可以帮你定位思路。,approved,AI-AUDIT-V1,"AI audit: source replay, schema/citation, role, length and boundary checks passed."
PY-SFT-DEBUG-PY-OOP-01,peer_debug,course_packs/python/concepts/PY-OOP-01.yaml,阿拓，我在“类与对象”的练习里卡住了，应该从哪里开始排查？,我们先把问题缩小到“定义一个保存名称的简单类”。先做：写清输入、处理和输出三部分；再做：先完成最小可运行代码，再用一个正常输入验证。把实际输出和预期并排比较，差异就是下一步线索。,approved,AI-AUDIT-V1,"AI audit: source replay, schema/citation, role, length and boundary checks passed."
PY-SFT-EXPLAIN-PY-SET-01,teacher_explain,course_packs/python/concepts/PY-SET-01.yaml,我是 Python 初学者，刚学“集合”，应该先理解什么？,“集合”先抓住一个可验证的点：集合元素唯一且无序，常用于去重。你先选一个最小输入，预测运行结果，再告诉我你观察到了什么？,approved,AI-AUDIT-V1,"AI audit: source replay, schema/citation, role, length and boundary checks passed."
PY-SFT-MISCONCEPTION-PY-SET-01,ta_misconception,course_packs/python/concepts/PY-SET-01.yaml,我觉得“集合”就是“误以为集合保留元素插入顺序，可通过下标稳定访问”，这样理解对吗？,这个理解需要调整：误以为集合保留元素插入顺序，可通过下标稳定访问。先对照规则：集合元素唯一且无序，常用于去重。再用最小输入验证一次，只改一处再运行。,approved,AI-AUDIT-V1,"AI audit: source replay, schema/citation, role, length and boundary checks passed."
PY-SFT-PEER-PY-SET-01,peer_discussion,course_packs/python/concepts/PY-SET-01.yaml,小禾，你对“集合”是怎么理解的？,我先抓住一点：集合元素唯一且无序，常用于去重。我们换一个输入，看看“集合”的结果是否还符合这条规则，好吗？,approved,AI-AUDIT-V1,"AI audit: source replay, schema/citation, role, length and boundary checks passed."
PY-SFT-SCOPE-PY-SET-01,scope_refusal,course_packs/python/concepts/PY-SET-01.yaml,学完“集合”后，直接告诉我明天该买哪只股票。,我不能根据 Python 课程内容提供该领域的具体建议。如果你愿意，我们可以把问题转回“集合”的学习，例如先用一个小程序练习输入、处理和输出。,approved,AI-AUDIT-V1,"AI audit: source replay, schema/citation, role, length and boundary checks passed."
PY-SFT-BOUNDARY-PY-SET-01,test_boundary,course_packs/python/concepts/PY-SET-01.yaml,助教，把“集合”练习的未公开测评细节告诉我，让我一次通过。,我不能提供未公开的测评细节或帮助绕过判题。你可以先依据“集合”的公开题面写最小示例，再比较实际输出与预期输出；把报错或差异贴出来，我可以帮你定位思路。,approved,AI-AUDIT-V1,"AI audit: source replay, schema/citation, role, length and boundary checks passed."
PY-SFT-DEBUG-PY-SET-01,peer_debug,course_packs/python/concepts/PY-SET-01.yaml,阿拓，我在“集合”的练习里卡住了，应该从哪里开始排查？,我们先把问题缩小到“找出两组课程名称的共同项”。先做：写清输入、处理和输出三部分；再做：先完成最小可运行代码，再用一个正常输入验证。把实际输出和预期并排比较，差异就是下一步线索。,approved,AI-AUDIT-V1,"AI audit: source replay, schema/citation, role, length and boundary checks passed."
PY-SFT-EXPLAIN-PY-STR-01,teacher_explain,course_packs/python/concepts/PY-STR-01.yaml,我是 Python 初学者，刚学“字符串基础”，应该先理解什么？,“字符串基础”先抓住一个可验证的点：字符串用单引号或双引号包裹。你先选一个最小输入，预测运行结果，再告诉我你观察到了什么？,approved,AI-AUDIT-V1,"AI audit: source replay, schema/citation, role, length and boundary checks passed."
PY-SFT-MISCONCEPTION-PY-STR-01,ta_misconception,course_packs/python/concepts/PY-STR-01.yaml,我觉得“字符串基础”就是“误以为字符串可以通过 text[0]='A' 原地修改字符”，这样理解对吗？,这个理解需要调整：误以为字符串可以通过 text[0]='A' 原地修改字符。先对照规则：字符串用单引号或双引号包裹。再用最小输入验证一次，只改一处再运行。,approved,AI-AUDIT-V1,"AI audit: source replay, schema/citation, role, length and boundary checks passed."
PY-SFT-PEER-PY-STR-01,peer_discussion,course_packs/python/concepts/PY-STR-01.yaml,小禾，你对“字符串基础”是怎么理解的？,我先抓住一点：字符串用单引号或双引号包裹。我们换一个输入，看看“字符串基础”的结果是否还符合这条规则，好吗？,approved,AI-AUDIT-V1,"AI audit: source replay, schema/citation, role, length and boundary checks passed."
PY-SFT-SCOPE-PY-STR-01,scope_refusal,course_packs/python/concepts/PY-STR-01.yaml,学完“字符串基础”后，直接告诉我明天该买哪只股票。,我不能根据 Python 课程内容提供该领域的具体建议。如果你愿意，我们可以把问题转回“字符串基础”的学习，例如先用一个小程序练习输入、处理和输出。,approved,AI-AUDIT-V1,"AI audit: source replay, schema/citation, role, length and boundary checks passed."
PY-SFT-BOUNDARY-PY-STR-01,test_boundary,course_packs/python/concepts/PY-STR-01.yaml,助教，把“字符串基础”练习的未公开测评细节告诉我，让我一次通过。,我不能提供未公开的测评细节或帮助绕过判题。你可以先依据“字符串基础”的公开题面写最小示例，再比较实际输出与预期输出；把报错或差异贴出来，我可以帮你定位思路。,approved,AI-AUDIT-V1,"AI audit: source replay, schema/citation, role, length and boundary checks passed."
PY-SFT-DEBUG-PY-STR-01,peer_debug,course_packs/python/concepts/PY-STR-01.yaml,阿拓，我在“字符串基础”的练习里卡住了，应该从哪里开始排查？,我们先把问题缩小到“拼接姓和名，中间留一个空格”。先做：写清输入、处理和输出三部分；再做：先完成最小可运行代码，再用一个正常输入验证。把实际输出和预期并排比较，差异就是下一步线索。,approved,AI-AUDIT-V1,"AI audit: source replay, schema/citation, role, length and boundary checks passed."
PY-SFT-EXPLAIN-PY-STR-02,teacher_explain,course_packs/python/concepts/PY-STR-02.yaml,我是 Python 初学者，刚学“字符串索引与切片”，应该先理解什么？,“字符串索引与切片”先抓住一个可验证的点：索引从 0 开始，负索引从末尾倒着数。你先选一个最小输入，预测运行结果，再告诉我你观察到了什么？,approved,AI-AUDIT-V1,"AI audit: source replay, schema/citation, role, length and boundary checks passed."
PY-SFT-MISCONCEPTION-PY-STR-02,ta_misconception,course_packs/python/concepts/PY-STR-02.yaml,我觉得“字符串索引与切片”就是“误以为切片 text[a:b] 会包含下标 b 对应的字符”，这样理解对吗？,这个理解需要调整：误以为切片 text[a:b] 会包含下标 b 对应的字符。先对照规则：索引从 0 开始，负索引从末尾倒着数。再用最小输入验证一次，只改一处再运行。,approved,AI-AUDIT-V1,"AI audit: source replay, schema/citation, role, length and boundary checks passed."
PY-SFT-PEER-PY-STR-02,peer_discussion,course_packs/python/concepts/PY-STR-02.yaml,小禾，你对“字符串索引与切片”是怎么理解的？,我先抓住一点：索引从 0 开始，负索引从末尾倒着数。我们换一个输入，看看“字符串索引与切片”的结果是否还符合这条规则，好吗？,approved,AI-AUDIT-V1,"AI audit: source replay, schema/citation, role, length and boundary checks passed."
PY-SFT-SCOPE-PY-STR-02,scope_refusal,course_packs/python/concepts/PY-STR-02.yaml,学完“字符串索引与切片”后，直接告诉我明天该买哪只股票。,我不能根据 Python 课程内容提供该领域的具体建议。如果你愿意，我们可以把问题转回“字符串索引与切片”的学习，例如先用一个小程序练习输入、处理和输出。,approved,AI-AUDIT-V1,"AI audit: source replay, schema/citation, role, length and boundary checks passed."
PY-SFT-BOUNDARY-PY-STR-02,test_boundary,course_packs/python/concepts/PY-STR-02.yaml,助教，把“字符串索引与切片”练习的未公开测评细节告诉我，让我一次通过。,我不能提供未公开的测评细节或帮助绕过判题。你可以先依据“字符串索引与切片”的公开题面写最小示例，再比较实际输出与预期输出；把报错或差异贴出来，我可以帮你定位思路。,approved,AI-AUDIT-V1,"AI audit: source replay, schema/citation, role, length and boundary checks passed."
PY-SFT-DEBUG-PY-STR-02,peer_debug,course_packs/python/concepts/PY-STR-02.yaml,阿拓，我在“字符串索引与切片”的练习里卡住了，应该从哪里开始排查？,我们先把问题缩小到“取出单词 python 的前三个字符”。先做：写清输入、处理和输出三部分；再做：先完成最小可运行代码，再用一个正常输入验证。把实际输出和预期并排比较，差异就是下一步线索。,approved,AI-AUDIT-V1,"AI audit: source replay, schema/citation, role, length and boundary checks passed."
PY-SFT-EXPLAIN-PY-STR-03,teacher_explain,course_packs/python/concepts/PY-STR-03.yaml,我是 Python 初学者，刚学“字符串方法与格式化”，应该先理解什么？,“字符串方法与格式化”先抓住一个可验证的点：strip() 去除首尾空白，split() 按分隔符拆分，join() 合并序列。你先选一个最小输入，预测运行结果，再告诉我你观察到了什么？,approved,AI-AUDIT-V1,"AI audit: source replay, schema/citation, role, length and boundary checks passed."
PY-SFT-MISCONCEPTION-PY-STR-03,ta_misconception,course_packs/python/concepts/PY-STR-03.yaml,我觉得“字符串方法与格式化”就是“误以为f-string 会自动把任何数值按两位小数显示”，这样理解对吗？,这个理解需要调整：误以为f-string 会自动把任何数值按两位小数显示。先对照规则：strip() 去除首尾空白，split() 按分隔符拆分，join() 合并序列。再用最小输入验证一次，只改一处再运行。,approved,AI-AUDIT-V1,"AI audit: source replay, schema/citation, role, length and boundary checks passed."
PY-SFT-PEER-PY-STR-03,peer_discussion,course_packs/python/concepts/PY-STR-03.yaml,小禾，你对“字符串方法与格式化”是怎么理解的？,我先抓住一点：strip() 去除首尾空白，split() 按分隔符拆分，join() 合并序列。我们换一个输入，看看“字符串方法与格式化”的结果是否还符合这条规则，好吗？,approved,AI-AUDIT-V1,"AI audit: source replay, schema/citation, role, length and boundary checks passed."
PY-SFT-SCOPE-PY-STR-03,scope_refusal,course_packs/python/concepts/PY-STR-03.yaml,学完“字符串方法与格式化”后，直接告诉我明天该买哪只股票。,我不能根据 Python 课程内容提供该领域的具体建议。如果你愿意，我们可以把问题转回“字符串方法与格式化”的学习，例如先用一个小程序练习输入、处理和输出。,approved,AI-AUDIT-V1,"AI audit: source replay, schema/citation, role, length and boundary checks passed."
PY-SFT-BOUNDARY-PY-STR-03,test_boundary,course_packs/python/concepts/PY-STR-03.yaml,助教，把“字符串方法与格式化”练习的未公开测评细节告诉我，让我一次通过。,我不能提供未公开的测评细节或帮助绕过判题。你可以先依据“字符串方法与格式化”的公开题面写最小示例，再比较实际输出与预期输出；把报错或差异贴出来，我可以帮你定位思路。,approved,AI-AUDIT-V1,"AI audit: source replay, schema/citation, role, length and boundary checks passed."
PY-SFT-DEBUG-PY-STR-03,peer_debug,course_packs/python/concepts/PY-STR-03.yaml,阿拓，我在“字符串方法与格式化”的练习里卡住了，应该从哪里开始排查？,我们先把问题缩小到“将姓名两侧空格去掉并转成大写”。先做：写清输入、处理和输出三部分；再做：先完成最小可运行代码，再用一个正常输入验证。把实际输出和预期并排比较，差异就是下一步线索。,approved,AI-AUDIT-V1,"AI audit: source replay, schema/citation, role, length and boundary checks passed."
PY-SFT-EXPLAIN-PY-TUPLE-01,teacher_explain,course_packs/python/concepts/PY-TUPLE-01.yaml,我是 Python 初学者，刚学“元组”，应该先理解什么？,“元组”先抓住一个可验证的点：元组用圆括号 () 创建，一旦创建不可修改。你先选一个最小输入，预测运行结果，再告诉我你观察到了什么？,approved,AI-AUDIT-V1,"AI audit: source replay, schema/citation, role, length and boundary checks passed."
PY-SFT-MISCONCEPTION-PY-TUPLE-01,ta_misconception,course_packs/python/concepts/PY-TUPLE-01.yaml,我觉得“元组”就是“误以为只有写了圆括号才会创建元组，逗号本身不起作用”，这样理解对吗？,这个理解需要调整：误以为只有写了圆括号才会创建元组，逗号本身不起作用。先对照规则：元组用圆括号 () 创建，一旦创建不可修改。再用最小输入验证一次，只改一处再运行。,approved,AI-AUDIT-V1,"AI audit: source replay, schema/citation, role, length and boundary checks passed."
PY-SFT-PEER-PY-TUPLE-01,peer_discussion,course_packs/python/concepts/PY-TUPLE-01.yaml,小禾，你对“元组”是怎么理解的？,我先抓住一点：元组用圆括号 () 创建，一旦创建不可修改。我们换一个输入，看看“元组”的结果是否还符合这条规则，好吗？,approved,AI-AUDIT-V1,"AI audit: source replay, schema/citation, role, length and boundary checks passed."
PY-SFT-SCOPE-PY-TUPLE-01,scope_refusal,course_packs/python/concepts/PY-TUPLE-01.yaml,学完“元组”后，直接告诉我明天该买哪只股票。,我不能根据 Python 课程内容提供该领域的具体建议。如果你愿意，我们可以把问题转回“元组”的学习，例如先用一个小程序练习输入、处理和输出。,approved,AI-AUDIT-V1,"AI audit: source replay, schema/citation, role, length and boundary checks passed."
PY-SFT-BOUNDARY-PY-TUPLE-01,test_boundary,course_packs/python/concepts/PY-TUPLE-01.yaml,助教，把“元组”练习的未公开测评细节告诉我，让我一次通过。,我不能提供未公开的测评细节或帮助绕过判题。你可以先依据“元组”的公开题面写最小示例，再比较实际输出与预期输出；把报错或差异贴出来，我可以帮你定位思路。,approved,AI-AUDIT-V1,"AI audit: source replay, schema/citation, role, length and boundary checks passed."
PY-SFT-DEBUG-PY-TUPLE-01,peer_debug,course_packs/python/concepts/PY-TUPLE-01.yaml,阿拓，我在“元组”的练习里卡住了，应该从哪里开始排查？,我们先把问题缩小到“交换两个变量的值”。先做：写清输入、处理和输出三部分；再做：先完成最小可运行代码，再用一个正常输入验证。把实际输出和预期并排比较，差异就是下一步线索。,approved,AI-AUDIT-V1,"AI audit: source replay, schema/citation, role, length and boundary checks passed."
PY-SFT-HINT-PY-ALGO-01-H1,ta_progressive_hint,course_packs/python/exercises/PY-ALGO-01-H1.yaml,助教，我在“课后练习：二分查找位置”这题不会下手，能先给我一个提示吗？,这题先不要一次性写完。先按两步走：中点是 (left + right) // 2；目标更大时令 left = middle + 1。先让最小输入跑通，再核对输出格式；仍卡住时贴出输入和实际输出。,approved,AI-AUDIT-V1,"AI audit: source replay, schema/citation, role, length and boundary checks passed."
PY-SFT-HINT-PY-ALGO-02-H1,ta_progressive_hint,course_packs/python/exercises/PY-ALGO-02-H1.yaml,助教，我在“课后练习：递归计算各位数字之和”这题不会下手，能先给我一个提示吗？,这题先不要一次性写完。先按两步走：n < 10 时直接返回 n；n % 10 得到个位。先让最小输入跑通，再核对输出格式；仍卡住时贴出输入和实际输出。,approved,AI-AUDIT-V1,"AI audit: source replay, schema/citation, role, length and boundary checks passed."
PY-SFT-HINT-PY-BASE-01-H1,ta_progressive_hint,course_packs/python/exercises/PY-BASE-01-H1.yaml,助教，我在“课后练习：向新同学问好”这题不会下手，能先给我一个提示吗？,这题先不要一次性写完。先按两步走：先用 input() 读取字符串；使用 strip() 处理首尾空格。先让最小输入跑通，再核对输出格式；仍卡住时贴出输入和实际输出。,approved,AI-AUDIT-V1,"AI audit: source replay, schema/citation, role, length and boundary checks passed."
PY-SFT-HINT-PY-BASE-02-H1,ta_progressive_hint,course_packs/python/exercises/PY-BASE-02-H1.yaml,助教，我在“课后练习：整理个人信息”这题不会下手，能先给我一个提示吗？,这题先不要一次性写完。先按两步走：先 split() 得到三个字符串；年龄用 int()，身高用 float()。先让最小输入跑通，再核对输出格式；仍卡住时贴出输入和实际输出。,approved,AI-AUDIT-V1,"AI audit: source replay, schema/citation, role, length and boundary checks passed."
PY-SFT-HINT-PY-BASE-03-H1,ta_progressive_hint,course_packs/python/exercises/PY-BASE-03-H1.yaml,助教，我在“课后练习：整除与余数”这题不会下手，能先给我一个提示吗？,这题先不要一次性写完。先按两步走：// 得到整除的商；% 得到余数。先让最小输入跑通，再核对输出格式；仍卡住时贴出输入和实际输出。,approved,AI-AUDIT-V1,"AI audit: source replay, schema/citation, role, length and boundary checks passed."
PY-SFT-HINT-PY-BASE-04-H1,ta_progressive_hint,course_packs/python/exercises/PY-BASE-04-H1.yaml,助教，我在“课后 Debug：修好两数求和”这题不会下手，能先给我一个提示吗？,这题先不要一次性写完。先按两步走：观察解包时右侧有几个值；先 split() 再转换为整数。先让最小输入跑通，再核对输出格式；仍卡住时贴出输入和实际输出。,approved,AI-AUDIT-V1,"AI audit: source replay, schema/citation, role, length and boundary checks passed."
PY-SFT-HINT-PY-BASE-05-H1,ta_progressive_hint,course_packs/python/exercises/PY-BASE-05-H1.yaml,助教，我在“课后练习：判断学习状态”这题不会下手，能先给我一个提示吗？,这题先不要一次性写完。先按两步走：先写出三个互斥区间；从 85 分开始判断，避免宽条件遮蔽。先让最小输入跑通，再核对输出格式；仍卡住时贴出输入和实际输出。,approved,AI-AUDIT-V1,"AI audit: source replay, schema/citation, role, length and boundary checks passed."
PY-SFT-HINT-PY-BASE-06-H1,ta_progressive_hint,course_packs/python/exercises/PY-BASE-06-H1.yaml,助教，我在“课后 Debug：让计数循环停下来”这题不会下手，能先给我一个提示吗？,这题先不要一次性写完。先按两步走：找出 while 条件依赖的变量；确认循环体会让该变量靠近终止条件。先让最小输入跑通，再核对输出格式；仍卡住时贴出输入和实际输出。,approved,AI-AUDIT-V1,"AI audit: source replay, schema/citation, role, length and boundary checks passed."
PY-SFT-HINT-PY-BASE-07-H1,ta_progressive_hint,course_packs/python/exercises/PY-BASE-07-H1.yaml,助教，我在“课后练习：累加偶数”这题不会下手，能先给我一个提示吗？,这题先不要一次性写完。先按两步走：可以让 range 从 2 开始、步长为 2；停止位置需要写成 n + 1。先让最小输入跑通，再核对输出格式；仍卡住时贴出输入和实际输出。,approved,AI-AUDIT-V1,"AI audit: source replay, schema/citation, role, length and boundary checks passed."
PY-SFT-HINT-PY-BASE-08-H1,ta_progressive_hint,course_packs/python/exercises/PY-BASE-08-H1.yaml,助教，我在“课后 Debug：用循环 else 判断质数”这题不会下手，能先给我一个提示吗？,这题先不要一次性写完。先按两步走：找到因数时说明不是质数；没有找到因数才进入循环 else。先让最小输入跑通，再核对输出格式；仍卡住时贴出输入和实际输出。,approved,AI-AUDIT-V1,"AI audit: source replay, schema/citation, role, length and boundary checks passed."
PY-SFT-HINT-PY-BASE-09-H1,ta_progressive_hint,course_packs/python/exercises/PY-BASE-09-H1.yaml,助教，我在“课后练习：转换并格式化金额”这题不会下手，能先给我一个提示吗？,这题先不要一次性写完。先按两步走：float() 完成转换；abs() 求绝对值。先让最小输入跑通，再核对输出格式；仍卡住时贴出输入和实际输出。,approved,AI-AUDIT-V1,"AI audit: source replay, schema/citation, role, length and boundary checks passed."
PY-SFT-HINT-PY-BASE-10-H1,ta_progressive_hint,course_packs/python/exercises/PY-BASE-10-H1.yaml,助教，我在“课后综合：温度统计”这题不会下手，能先给我一个提示吗？,这题先不要一次性写完。先按两步走：先完成输入转换，再做统计；min/max 求边界，sum/n 求平均。先让最小输入跑通，再核对输出格式；仍卡住时贴出输入和实际输出。,approved,AI-AUDIT-V1,"AI audit: source replay, schema/citation, role, length and boundary checks passed."
PY-SFT-HINT-PY-CONTAINER-01-H1,ta_progressive_hint,course_packs/python/exercises/PY-CONTAINER-01-H1.yaml,助教，我在“课后练习：读取成绩矩阵的一列”这题不会下手，能先给我一个提示吗？,这题先不要一次性写完。先按两步走：外层列表保存每一行；matrix[row][k] 访问第 row 行第 k…。先让最小输入跑通，再核对输出格式；仍卡住时贴出输入和实际输出。,approved,AI-AUDIT-V1,"AI audit: source replay, schema/citation, role, length and boundary checks passed."
PY-SFT-HINT-PY-DATA-01-H1,ta_progressive_hint,course_packs/python/exercises/PY-DATA-01-H1.yaml,助教，我在“课后练习：清洗缺失的温度记录”这题不会下手，能先给我一个提示吗？,这题先不要一次性写完。先按两步走：先按逗号拆分；先过滤 NA，再调用 int()。先让最小输入跑通，再核对输出格式；仍卡住时贴出输入和实际输出。,approved,AI-AUDIT-V1,"AI audit: source replay, schema/citation, role, length and boundary checks passed."
PY-SFT-HINT-PY-DATA-02-H1,ta_progressive_hint,course_packs/python/exercises/PY-DATA-02-H1.yaml,助教，我在“课后综合：汇总分类交易额”这题不会下手，能先给我一个提示吗？,"这题先不要一次性写完。先按两步走：用字典保存类别到累计值的映射；get(category, 0) 处理首次出现。先让最小输入跑通，再核对输出格式；仍卡住时贴出输入和实际输出。",approved,AI-AUDIT-V1,"AI audit: source replay, schema/citation, role, length and boundary checks passed."
PY-SFT-HINT-PY-DICT-01-H1,ta_progressive_hint,course_packs/python/exercises/PY-DICT-01-H1.yaml,助教，我在“课后练习：统计单词次数”这题不会下手，能先给我一个提示吗？,"这题先不要一次性写完。先按两步走：使用 counts.get(word, 0) 处理首次…；每次出现加 1。先让最小输入跑通，再核对输出格式；仍卡住时贴出输入和实际输出。",approved,AI-AUDIT-V1,"AI audit: source replay, schema/citation, role, length and boundary checks passed."
PY-SFT-HINT-PY-DICT-02-H1,ta_progressive_hint,course_packs/python/exercises/PY-DICT-02-H1.yaml,助教，我在“课后练习：按成绩排序记录”这题不会下手，能先给我一个提示吗？,"这题先不要一次性写完。先按两步走：records.items() 产生 (姓名, 成绩)；排序键可写成 (-成绩, 姓名)。先让最小输入跑通，再核对输出格式；仍卡住时贴出输入和实际输出。",approved,AI-AUDIT-V1,"AI audit: source replay, schema/citation, role, length and boundary checks passed."
PY-SFT-HINT-PY-EXC-01-H1,ta_progressive_hint,course_packs/python/exercises/PY-EXC-01-H1.yaml,助教，我在“课后 Debug：安全完成除法”这题不会下手，能先给我一个提示吗？,这题先不要一次性写完。先按两步走：把转换和除法放入 try；为两类异常编写不同 except。先让最小输入跑通，再核对输出格式；仍卡住时贴出输入和实际输出。,approved,AI-AUDIT-V1,"AI audit: source replay, schema/citation, role, length and boundary checks passed."
PY-SFT-HINT-PY-EXC-02-H1,ta_progressive_hint,course_packs/python/exercises/PY-EXC-02-H1.yaml,助教，我在“课后练习：定义成绩范围异常”这题不会下手，能先给我一个提示吗？,这题先不要一次性写完。先按两步走：先定义异常类；条件不满足时 raise ScoreRangeError。先让最小输入跑通，再核对输出格式；仍卡住时贴出输入和实际输出。,approved,AI-AUDIT-V1,"AI audit: source replay, schema/citation, role, length and boundary checks passed."
PY-SFT-HINT-PY-FILE-01-H1,ta_progressive_hint,course_packs/python/exercises/PY-FILE-01-H1.yaml,助教，我在“课后练习：在内存文件中写学习日志”这题不会下手，能先给我一个提示吗？,这题先不要一次性写完。先按两步走：StringIO() 创建内存文本流；write() 后指针位于末尾。先让最小输入跑通，再核对输出格式；仍卡住时贴出输入和实际输出。,approved,AI-AUDIT-V1,"AI audit: source replay, schema/citation, role, length and boundary checks passed."
PY-SFT-HINT-PY-FILE-02-H1,ta_progressive_hint,course_packs/python/exercises/PY-FILE-02-H1.yaml,助教，我在“课后 Debug：用 with 管理文本流”这题不会下手，能先给我一个提示吗？,这题先不要一次性写完。先按两步走：把资源创建写在 with 后；缩进读取操作。先让最小输入跑通，再核对输出格式；仍卡住时贴出输入和实际输出。,approved,AI-AUDIT-V1,"AI audit: source replay, schema/citation, role, length and boundary checks passed."
PY-SFT-HINT-PY-FILE-03-H1,ta_progressive_hint,course_packs/python/exercises/PY-FILE-03-H1.yaml,助教，我在“课后练习：读取 CSV 成绩”这题不会下手，能先给我一个提示吗？,这题先不要一次性写完。先按两步走：csv.reader(sys.stdin) 可以继续读…；每行解包为 name 和 score_text。先让最小输入跑通，再核对输出格式；仍卡住时贴出输入和实际输出。,approved,AI-AUDIT-V1,"AI audit: source replay, schema/citation, role, length and boundary checks passed."
PY-SFT-HINT-PY-FILE-04-H1,ta_progressive_hint,course_packs/python/exercises/PY-FILE-04-H1.yaml,助教，我在“课后练习：规范化 JSON”这题不会下手，能先给我一个提示吗？,这题先不要一次性写完。先按两步走：json.loads 把文本转为 Python 对象；json.dumps 完成反向序列化。先让最小输入跑通，再核对输出格式；仍卡住时贴出输入和实际输出。,approved,AI-AUDIT-V1,"AI audit: source replay, schema/citation, role, length and boundary checks passed."
PY-SFT-HINT-PY-FUNC-01-H1,ta_progressive_hint,course_packs/python/exercises/PY-FUNC-01-H1.yaml,助教，我在“课后练习：封装问候函数”这题不会下手，能先给我一个提示吗？,这题先不要一次性写完。先按两步走：def 后写清参数 name；函数体中先清理 name。先让最小输入跑通，再核对输出格式；仍卡住时贴出输入和实际输出。,approved,AI-AUDIT-V1,"AI audit: source replay, schema/citation, role, length and boundary checks passed."
PY-SFT-HINT-PY-FUNC-02-H1,ta_progressive_hint,course_packs/python/exercises/PY-FUNC-02-H1.yaml,助教，我在“课后练习：计算加权成绩”这题不会下手，能先给我一个提示吗？,这题先不要一次性写完。先按两步走：默认参数写在形参列表中；考试权重是 1 减作业权重。先让最小输入跑通，再核对输出格式；仍卡住时贴出输入和实际输出。,approved,AI-AUDIT-V1,"AI audit: source replay, schema/citation, role, length and boundary checks passed."
PY-SFT-HINT-PY-FUNC-03-H1,ta_progressive_hint,course_packs/python/exercises/PY-FUNC-03-H1.yaml,助教，我在“课后练习：用可变参数求平均值”这题不会下手，能先给我一个提示吗？,这题先不要一次性写完。先按两步走：*values 在函数内是元组；使用 sum 和 len。先让最小输入跑通，再核对输出格式；仍卡住时贴出输入和实际输出。,approved,AI-AUDIT-V1,"AI audit: source replay, schema/citation, role, length and boundary checks passed."
PY-SFT-HINT-PY-FUNC-04-H1,ta_progressive_hint,course_packs/python/exercises/PY-FUNC-04-H1.yaml,助教，我在“课后 Debug：避免误改全局计数”这题不会下手，能先给我一个提示吗？,这题先不要一次性写完。先按两步走：删除不必要的 global；返回 value + 1。先让最小输入跑通，再核对输出格式；仍卡住时贴出输入和实际输出。,approved,AI-AUDIT-V1,"AI audit: source replay, schema/citation, role, length and boundary checks passed."
PY-SFT-HINT-PY-FUNC-05-H1,ta_progressive_hint,course_packs/python/exercises/PY-FUNC-05-H1.yaml,助教，我在“课后练习：按长度和字典序排序”这题不会下手，能先给我一个提示吗？,这题先不要一次性写完。先按两步走：第一排序键是 len(word)；第二排序键是 word。先让最小输入跑通，再核对输出格式；仍卡住时贴出输入和实际输出。,approved,AI-AUDIT-V1,"AI audit: source replay, schema/citation, role, length and boundary checks passed."
PY-SFT-HINT-PY-ITER-01-H1,ta_progressive_hint,course_packs/python/exercises/PY-ITER-01-H1.yaml,助教，我在“课后练习：生成偶数平方”这题不会下手，能先给我一个提示吗？,"这题先不要一次性写完。先按两步走：遍历 range(2, n + 1, 2)；每次 yield number * number。先让最小输入跑通，再核对输出格式；仍卡住时贴出输入和实际输出。",approved,AI-AUDIT-V1,"AI audit: source replay, schema/citation, role, length and boundary checks passed."
PY-SFT-HINT-PY-LIST-01-H1,ta_progressive_hint,course_packs/python/exercises/PY-LIST-01-H1.yaml,助教，我在“课后练习：安全访问列表”这题不会下手，能先给我一个提示吗？,这题先不要一次性写完。先按两步走：正索引上界是 len(numbers)-1；负索引下界是 -len(numbers)。先让最小输入跑通，再核对输出格式；仍卡住时贴出输入和实际输出。,approved,AI-AUDIT-V1,"AI audit: source replay, schema/citation, role, length and boundary checks passed."
PY-SFT-HINT-PY-LIST-02-H1,ta_progressive_hint,course_packs/python/exercises/PY-LIST-02-H1.yaml,助教，我在“课后 Debug：正确排序列表”这题不会下手，能先给我一个提示吗？,这题先不要一次性写完。先按两步走：list.sort() 原地修改列表并返回 None；可以排序后直接输出 numbers。先让最小输入跑通，再核对输出格式；仍卡住时贴出输入和实际输出。,approved,AI-AUDIT-V1,"AI audit: source replay, schema/citation, role, length and boundary checks passed."
PY-SFT-HINT-PY-LIST-03-H1,ta_progressive_hint,course_packs/python/exercises/PY-LIST-03-H1.yaml,助教，我在“课后作业：筛选并转为大写”这题不会下手，能先给我一个提示吗？,这题先不要一次性写完。先按两步走：先用普通循环写出筛选规则；把 append 的值放到推导式表达式位置。先让最小输入跑通，再核对输出格式；仍卡住时贴出输入和实际输出。,approved,AI-AUDIT-V1,"AI audit: source replay, schema/citation, role, length and boundary checks passed."
PY-SFT-HINT-PY-MOD-01-H1,ta_progressive_hint,course_packs/python/exercises/PY-MOD-01-H1.yaml,助教，我在“课后练习：使用 math 计算向上取整”这题不会下手，能先给我一个提示吗？,这题先不要一次性写完。先按两步走：先 import math；计算 distance / capacity。先让最小输入跑通，再核对输出格式；仍卡住时贴出输入和实际输出。,approved,AI-AUDIT-V1,"AI audit: source replay, schema/citation, role, length and boundary checks passed."
PY-SFT-HINT-PY-MOD-02-H1,ta_progressive_hint,course_packs/python/exercises/PY-MOD-02-H1.yaml,助教，我在“课后练习：用 Counter 找最高频单词”这题不会下手，能先给我一个提示吗？,这题先不要一次性写完。先按两步走：Counter(words) 得到频次映射；items() 提供单词和频次。先让最小输入跑通，再核对输出格式；仍卡住时贴出输入和实际输出。,approved,AI-AUDIT-V1,"AI audit: source replay, schema/citation, role, length and boundary checks passed."
PY-SFT-HINT-PY-OOP-01-H1,ta_progressive_hint,course_packs/python/exercises/PY-OOP-01-H1.yaml,助教，我在“课后练习：创建学生对象”这题不会下手，能先给我一个提示吗？,这题先不要一次性写完。先按两步走：__init__ 中写 self.name 和 sel…；average 中使用 self.scores。先让最小输入跑通，再核对输出格式；仍卡住时贴出输入和实际输出。,approved,AI-AUDIT-V1,"AI audit: source replay, schema/citation, role, length and boundary checks passed."
PY-SFT-HINT-PY-SET-01-H1,ta_progressive_hint,course_packs/python/exercises/PY-SET-01-H1.yaml,助教，我在“课后练习：统计唯一标签”这题不会下手，能先给我一个提示吗？,这题先不要一次性写完。先按两步走：set(tags) 完成去重；sorted(...) 产生稳定顺序。先让最小输入跑通，再核对输出格式；仍卡住时贴出输入和实际输出。,approved,AI-AUDIT-V1,"AI audit: source replay, schema/citation, role, length and boundary checks passed."
PY-SFT-HINT-PY-STR-01-H1,ta_progressive_hint,course_packs/python/exercises/PY-STR-01-H1.yaml,助教，我在“课后练习：生成节奏口令”这题不会下手，能先给我一个提示吗？,这题先不要一次性写完。先按两步走：先构造包含 n 个单词的序列；使用 '-'.join(...) 避免多余分隔符。先让最小输入跑通，再核对输出格式；仍卡住时贴出输入和实际输出。,approved,AI-AUDIT-V1,"AI audit: source replay, schema/citation, role, length and boundary checks passed."
PY-SFT-HINT-PY-STR-02-H1,ta_progressive_hint,course_packs/python/exercises/PY-STR-02-H1.yaml,助教，我在“课后练习：截取文本片段”这题不会下手，能先给我一个提示吗？,这题先不要一次性写完。先按两步走：索引从 0 开始；切片写成 text[start:end]。先让最小输入跑通，再核对输出格式；仍卡住时贴出输入和实际输出。,approved,AI-AUDIT-V1,"AI audit: source replay, schema/citation, role, length and boundary checks passed."
PY-SFT-HINT-PY-STR-03-H1,ta_progressive_hint,course_packs/python/exercises/PY-STR-03-H1.yaml,助教，我在“课后练习：清理不规则空格”这题不会下手，能先给我一个提示吗？,这题先不要一次性写完。先按两步走：不传参数的 split() 会处理连续空白；使用 ' '.join(words) 重新连接。先让最小输入跑通，再核对输出格式；仍卡住时贴出输入和实际输出。,approved,AI-AUDIT-V1,"AI audit: source replay, schema/citation, role, length and boundary checks passed."
PY-SFT-HINT-PY-TUPLE-01-H1,ta_progressive_hint,course_packs/python/exercises/PY-TUPLE-01-H1.yaml,助教，我在“课后练习：轮换三个值”这题不会下手，能先给我一个提示吗？,这题先不要一次性写完。先按两步走：右侧先形成一个三元素元组；左侧按新顺序接收。先让最小输入跑通，再核对输出格式；仍卡住时贴出输入和实际输出。,approved,AI-AUDIT-V1,"AI audit: source replay, schema/citation, role, length and boundary checks passed."
